ENTIDAD,NOM_ENT,MUN,NOM_MUN,LOC,NOM_LOC,POBTOT,POBFEM,POBMAS,P_0A2,P_0A2_F,P_0A2_M,P_3YMAS,P_3YMAS_F,P_3YMAS_M,P_5YMAS,P_5YMAS_F,P_5YMAS_M,P_12YMAS,P_12YMAS_F,P_12YMAS_M,P_15YMAS,P_15YMAS_F,P_15YMAS_M,P_18YMAS,P_18YMAS_F,P_18YMAS_M,P_3A5,P_3A5_F,P_3A5_M,P_6A11,P_6A11_F,P_6A11_M,P_8A14,P_8A14_F,P_8A14_M,P_12A14,P_12A14_F,P_12A14_M,P_15A17,P_15A17_F,P_15A17_M,P_18A24,P_18A24_F,P_18A24_M,P_15A49_F,P_60YMAS,P_60YMAS_F,P_60YMAS_M,REL_H_M,POB0_14,POB15_64,POB65_MAS
09,Ciudad de MÃ©xico,002,Azcapotzalco,0001,Azcapotzalco,432205,227255,204950,11784,5702,6082,420056,221370,198686,410780,216806,193974,377144,200360,176784,361474,192669,168805,345123,184700,160423,14191,6954,7237,28721,14056,14665,35256,17270,17986,15670,7691,7979,16351,7969,8382,43088,21303,21785,115600,78650,45565,33085,90.19,70366,306611,54863
09,Ciudad de MÃ©xico,003,CoyoacÃ¡n,0001,CoyoacÃ¡n,614447,325337,289110,14791,7252,7539,599528,318019,281509,587692,312162,275530,543990,290668,253322,522992,280428,242564,500374,269320,231054,18061,8857,9204,37477,18494,18983,46646,22916,23730,20998,10240,10758,22618,11108,11510,63817,31569,32248,162387,126592,73584,53008,88.86,91327,432544,90448
09,Ciudad de MÃ©xico,004,Cuajimalpa de Morelos,0001,Cuajimalpa de Morelos,186693,97615,89078,6715,3260,3455,179869,94300,85569,174654,91709,82945,156708,83039,73669,148763,79085,69678,140419,74957,65462,7948,3883,4065,15213,7378,7835,18280,8978,9302,7945,3954,3991,8344,4128,4216,21403,11039,10364,54258,22800,12635,10165,91.25,37821,133841,14922
09,Ciudad de MÃ©xico,004,Cuajimalpa de Morelos,0010,Cruz Blanca,728,362,366,47,29,18,681,333,348,657,323,334,565,284,281,529,263,266,497,247,250,41,20,21,75,29,46,86,41,45,36,21,15,32,16,16,95,43,52,196,54,28,26,101.1,199,498,31
09,Ciudad de MÃ©xico,004,Cuajimalpa de Morelos,0020,San Lorenzo Acopilco,26042,13416,12626,1069,537,532,24969,12878,12091,24125,12473,11652,21077,10935,10142,19843,10308,9535,18586,9684,8902,1306,640,666,2586,1303,1283,2980,1515,1465,1234,627,607,1257,624,633,3137,1557,1580,7238,2658,1457,1201,94.11,6195,18194,1649
09,Ciudad de MÃ©xico,004,Cuajimalpa de Morelos,0050,La Venta,486,270,216,15,5,10,471,265,206,455,255,200,401,227,174,377,212,165,354,199,155,25,15,10,45,23,22,54,30,24,24,15,9,23,13,10,58,31,27,142,63,35,28,80,109,341,36
09,Ciudad de MÃ©xico,004,Cuajimalpa de Morelos,0054,Puerto las Cruces (Monte las Cruces),1233,648,585,65,35,30,1165,612,553,1128,594,534,973,505,468,914,475,439,857,447,410,61,33,28,131,74,57,146,78,68,59,30,29,57,28,29,150,83,67,368,94,48,46,90.28,316,868,46
09,Ciudad de MÃ©xico,004,Cuajimalpa de Morelos,0055,Teopazulco,80,40,40,1,0,1,79,40,39,77,39,38,65,32,33,60,28,32,59,27,32,5,3,2,9,5,4,10,7,3,5,4,1,1,1,0,9,2,7,19,9,4,5,100,20,53,7
09,Ciudad de MÃ©xico,004,Cuajimalpa de Morelos,0056,Valle de las Monjas,108,47,61,4,2,2,104,45,59,99,43,56,84,38,46,80,36,44,76,36,40,6,2,4,14,5,9,15,5,10,4,2,2,4,0,4,16,8,8,27,5,3,2,129.79,28,77,3
09,Ciudad de MÃ©xico,004,Cuajimalpa de Morelos,0057,ProlongaciÃ³n ConstituciÃ³n,131,65,66,8,3,5,123,62,61,120,62,58,107,55,52,104,53,51,95,47,48,4,1,3,12,6,6,9,5,4,3,2,1,9,6,3,24,10,14,39,5,4,1,101.54,27,100,4
09,Ciudad de MÃ©xico,004,Cuajimalpa de Morelos,0058,Paraje RÃ­o Borracho,80,44,36,3,2,1,77,42,35,76,42,34,66,36,30,59,32,27,56,29,27,1,0,1,10,6,4,15,8,7,7,4,3,3,3,0,14,5,9,22,3,2,1,81.82,21,57,2
09,Ciudad de MÃ©xico,004,Cuajimalpa de Morelos,0059,El Zarco,24,12,12,3,1,2,21,11,10,20,11,9,20,11,9,20,11,9,20,11,9,1,0,1,0,0,0,0,0,0,0,0,0,0,0,0,6,4,2,8,4,1,3,100,4,18,2
09,Ciudad de MÃ©xico,004,Cuajimalpa de Morelos,0062,Los Campesinos [Rancho],29,14,15,3,1,2,26,13,13,24,11,13,24,11,13,24,11,13,22,9,13,2,2,0,0,0,0,0,0,0,0,0,0,2,2,0,4,1,3,9,2,1,1,107.14,5,22,2
09,Ciudad de MÃ©xico,004,Cuajimalpa de Morelos,0063,Santa Rosa,818,414,404,29,19,10,789,395,394,757,373,384,636,308,328,582,280,302,527,252,275,49,33,16,104,54,50,126,63,63,54,28,26,55,28,27,98,42,56,229,43,18,25,97.58,236,562,20
09,Ciudad de MÃ©xico,004,Cuajimalpa de Morelos,0066,Santa Laura [Rancho],38,13,25,0,0,0,38,13,25,38,13,25,37,13,24,37,13,24,36,12,24,0,0,0,1,0,1,1,0,1,0,0,0,1,1,0,5,2,3,6,2,2,0,192.31,1,36,1
09,Ciudad de MÃ©xico,004,Cuajimalpa de Morelos,0070,Punta Galicia,438,207,231,17,13,4,421,194,227,404,188,216,355,162,193,339,154,185,313,142,171,28,15,13,38,17,21,44,19,25,16,8,8,26,12,14,68,26,42,124,20,10,10,111.59,99,329,10
09,Ciudad de MÃ©xico,004,Cuajimalpa de Morelos,0073,Los Aguacates,514,261,253,36,20,16,478,241,237,461,231,230,388,188,200,360,172,188,328,155,173,33,21,12,57,32,25,71,37,34,28,16,12,32,17,15,83,40,43,146,24,12,12,96.93,154,343,17
09,Ciudad de MÃ©xico,004,Cuajimalpa de Morelos,0074,Punta Ahuatenco,173,74,99,12,6,6,161,68,93,157,67,90,137,58,79,124,55,69,105,45,60,8,2,6,16,8,8,26,9,17,13,3,10,19,10,9,22,8,14,43,13,5,8,133.78,49,119,5
09,Ciudad de MÃ©xico,004,Cuajimalpa de Morelos,0077,Coatzehuaya,28,13,15,2,1,1,26,12,14,24,11,13,18,9,9,18,9,9,17,8,9,2,1,1,6,2,4,4,1,3,0,0,0,1,1,0,3,2,1,7,3,1,2,115.38,10,16,2
09,Ciudad de MÃ©xico,004,Cuajimalpa de Morelos,9998,Localidades de una vivienda,22,13,9,1,1,0,21,12,9,18,10,8,14,8,6,12,7,5,12,7,5,3,2,1,4,2,2,6,3,3,2,1,1,0,0,0,1,1,0,6,0,0,0,69.23,10,12,0
09,Ciudad de MÃ©xico,004,Cuajimalpa de Morelos,9999,Localidades de dos viviendas,21,9,12,0,0,0,21,9,12,21,9,12,18,8,10,18,8,10,16,8,8,1,0,1,2,1,1,2,1,1,0,0,0,2,0,2,6,4,2,7,1,0,1,133.33,3,17,1
09,Ciudad de MÃ©xico,005,Gustavo A. Madero,0001,Gustavo A. Madero,1173351,609477,563874,35261,17306,17955,1137856,592051,545805,1109855,578313,531542,1007795,527969,479826,960772,504545,456227,911482,480252,431230,42615,20950,21665,87446,43132,44314,106549,52771,53778,47023,23424,23599,49290,24293,24997,126620,61797,64823,306027,203469,116135,87334,92.52,212345,819397,141375
09,Ciudad de MÃ©xico,006,Iztacalco,0001,Iztacalco,404695,212343,192352,11527,5631,5896,392990,206622,186368,384051,202213,181838,350684,185694,164990,335205,178048,157157,319021,170195,148826,13523,6625,6898,28783,14303,14480,35033,17376,17657,15479,7646,7833,16184,7853,8331,42216,20935,21281,108051,70907,40949,29958,90.59,69312,286131,49074
09,Ciudad de MÃ©xico,007,Iztapalapa,0001,Iztapalapa,1835486,947835,887651,57907,28569,29338,1777184,919066,858118,1731943,896557,835386,1550672,807550,743122,1468256,766847,701409,1383459,725294,658165,69475,34456,35019,157037,77060,79977,189095,92969,96126,82416,40703,41713,84797,41553,43244,209136,103444,105692,502375,262064,146769,115295,93.65,366835,1293944,174312
09,Ciudad de MÃ©xico,008,La Magdalena Contreras,0001,La Magdalena Contreras,246428,128767,117661,7166,3612,3554,239219,125131,114088,233463,122282,111181,210193,110808,99385,199317,105363,93954,188216,99952,88264,8882,4360,4522,20144,9963,10181,24505,12254,12251,10876,5445,5431,11101,5411,5690,27556,13697,13859,67010,37979,21608,16371,91.38,47068,173311,26006
09,Ciudad de MÃ©xico,008,La Magdalena Contreras,0071,Ejido de San NicolÃ¡s Totolapan,15,7,8,0,0,0,15,7,8,14,7,7,12,7,5,11,6,5,11,6,5,1,0,1,2,0,2,1,1,0,1,1,0,0,0,0,2,1,1,4,2,2,0,114.29,4,9,2
09,Ciudad de MÃ©xico,008,La Magdalena Contreras,0075,Segundo Dinamo,10,1,9,0,0,0,10,1,9,10,1,9,10,1,9,10,1,9,10,1,9,0,0,0,0,0,0,0,0,0,0,0,0,0,0,0,2,1,1,1,2,0,2,900,0,9,1
09,Ciudad de MÃ©xico,008,La Magdalena Contreras,0083,El Gavillero,452,234,218,24,16,8,428,218,210,415,212,203,360,187,173,330,174,156,305,162,143,22,9,13,46,22,24,61,29,32,30,13,17,25,12,13,44,23,21,125,27,13,14,93.16,122,311,19
09,Ciudad de MÃ©xico,008,La Magdalena Contreras,0085,El Ocotal (La Carbonera),23,11,12,0,0,0,23,11,12,23,11,12,23,11,12,21,10,11,19,8,11,0,0,0,0,0,0,2,1,1,2,1,1,2,2,0,1,0,1,8,5,1,4,109.09,2,18,3
09,Ciudad de MÃ©xico,008,La Magdalena Contreras,0088,Totolapan,334,164,170,14,3,11,320,161,159,310,157,153,264,131,133,246,121,125,233,116,117,19,5,14,37,25,12,45,27,18,18,10,8,13,5,8,62,32,30,96,16,7,9,103.66,88,235,11
09,Ciudad de MÃ©xico,008,La Magdalena Contreras,0101,Ocotenco (La Loma Cazulco),15,4,11,0,0,0,15,4,11,15,4,11,15,4,11,15,4,11,15,4,11,0,0,0,0,0,0,0,0,0,0,0,0,0,0,0,0,0,0,2,5,2,3,275,0,12,3
09,Ciudad de MÃ©xico,008,La Magdalena Contreras,0104,Rancho Viejo,67,32,35,5,1,4,62,31,31,59,29,30,45,23,22,41,22,19,39,21,18,4,2,2,13,6,7,12,5,7,4,1,3,2,1,1,6,5,1,19,5,0,5,109.38,26,40,1
09,Ciudad de MÃ©xico,008,La Magdalena Contreras,0106,ProlongaciÃ³n ErmitaÃ±o,37,17,20,2,1,1,35,16,19,33,15,18,28,13,15,26,12,14,25,12,13,3,2,1,4,1,3,5,2,3,2,1,1,1,0,1,5,2,3,9,2,1,1,117.65,11,25,1
09,Ciudad de MÃ©xico,008,La Magdalena Contreras,0108,RincÃ³n Eslava,51,21,30,4,1,3,47,20,27,46,19,27,42,18,24,38,16,22,36,16,20,1,1,0,4,1,3,6,2,4,4,2,2,2,0,2,9,4,5,10,4,2,2,142.86,13,36,2
09,Ciudad de MÃ©xico,008,La Magdalena Contreras,0111,Rancho Chichicaspa,29,12,17,3,1,2,26,11,15,26,11,15,24,9,15,24,9,15,21,7,14,1,1,0,1,1,0,1,1,0,0,0,0,3,2,1,2,0,2,7,6,2,4,141.67,5,20,4
09,Ciudad de MÃ©xico,008,La Magdalena Contreras,0112,Paraje Chichicaspa,119,51,68,1,0,1,118,51,67,115,50,65,98,44,54,89,40,49,84,39,45,6,2,4,14,5,9,14,7,7,9,4,5,5,1,4,13,5,8,31,9,4,5,133.33,30,86,3
09,Ciudad de MÃ©xico,008,La Magdalena Contreras,9998,Localidades de una vivienda,19,6,13,2,1,1,17,5,12,16,5,11,14,4,10,14,4,10,14,4,10,1,0,1,2,1,1,1,0,1,0,0,0,0,0,0,2,1,1,2,5,1,4,216.67,5,10,4
09,Ciudad de MÃ©xico,008,La Magdalena Contreras,9999,Localidades de dos viviendas,23,8,15,0,0,0,23,8,15,22,8,14,20,8,12,19,7,12,19,7,12,1,0,1,2,0,2,3,1,2,1,1,0,0,0,0,0,0,0,4,6,3,3,187.5,4,13,6
09,Ciudad de MÃ©xico,009,Milpa Alta,0001,Villa Milpa Alta,18213,9350,8863,615,305,310,17598,9045,8553,17101,8815,8286,15187,7889,7298,14338,7458,6880,13439,7040,6399,780,357,423,1631,799,832,1959,972,987,849,431,418,899,418,481,2099,1034,1065,4953,2583,1405,1178,94.79,3875,12534,1804
09,Ciudad de MÃ©xico,009,Milpa Alta,0011,San Antonio TecÃ³mitl,27768,14290,13478,1006,504,502,26762,13786,12976,25978,13411,12567,22883,11894,10989,21446,11148,10298,20039,10489,9550,1167,586,581,2712,1306,1406,3233,1623,1610,1437,746,691,1407,659,748,3407,1663,1744,7761,3093,1672,1421,94.32,6322,19455,1991
09,Ciudad de MÃ©xico,009,Milpa Alta,0015,San BartolomÃ© Xicomulco,4933,2582,2351,159,87,72,4774,2495,2279,4637,2424,2213,4086,2132,1954,3819,1996,1823,3556,1876,1680,195,107,88,493,256,237,590,308,282,267,136,131,263,120,143,572,285,287,1368,614,325,289,91.05,1114,3408,411
09,Ciudad de MÃ©xico,009,Milpa Alta,0017,San Francisco Tecoxpa,13919,7113,6806,515,240,275,13397,6869,6528,12959,6663,6296,11340,5854,5486,10617,5493,5124,9868,5129,4739,679,322,357,1378,693,685,1629,809,820,723,361,362,749,364,385,1803,866,937,3929,1430,761,669,95.68,3295,9680,937
09,Ciudad de MÃ©xico,009,Milpa Alta,0024,San Pablo Oztotepec,17715,9204,8511,722,376,346,16993,8828,8165,16464,8556,7908,14307,7458,6849,13314,6932,6382,12334,6457,5877,857,460,397,1829,910,919,2208,1124,1084,993,526,467,980,475,505,2141,1076,1065,4904,1903,1017,886,92.47,4401,12081,1233
09,Ciudad de MÃ©xico,009,Milpa Alta,0029,San Pedro Atocpan,9234,4705,4529,374,188,186,8860,4517,4343,8598,4386,4212,7556,3862,3694,7139,3662,3477,6675,3443,3232,404,195,209,900,460,440,1010,502,508,417,200,217,464,219,245,1105,548,557,2504,1155,620,535,96.26,2095,6412,727
09,Ciudad de MÃ©xico,009,Milpa Alta,0033,San Salvador Cuauhtenco,16847,8665,8182,646,321,325,16194,8341,7853,15699,8104,7595,13677,7112,6565,12819,6688,6131,11895,6212,5683,777,379,398,1740,850,890,2046,1003,1043,858,424,434,924,476,448,2220,1093,1127,4786,1638,875,763,94.43,4021,11787,1032
09,Ciudad de MÃ©xico,009,Milpa Alta,0036,Santa Ana Tlacotenco,11715,6126,5589,454,254,200,11261,5872,5389,10966,5709,5257,9646,5064,4582,9022,4782,4240,8428,4477,3951,465,251,214,1150,557,593,1418,666,752,624,282,342,594,305,289,1374,694,680,3307,1430,761,669,91.23,2693,8053,969
09,Ciudad de MÃ©xico,009,Milpa Alta,0037,Cruztitla,1123,560,563,44,24,20,1079,536,543,1044,522,522,893,453,440,820,418,402,747,382,365,58,25,33,128,58,70,158,77,81,73,35,38,73,36,37,136,63,73,314,70,37,33,100.54,303,778,42
09,Ciudad de MÃ©xico,009,Milpa Alta,0045,Los Pinos (Totulan),57,26,31,2,1,1,55,25,30,55,25,30,48,23,25,46,22,24,43,20,23,1,0,1,6,2,4,7,3,4,2,1,1,3,2,1,5,2,3,15,6,3,3,119.23,11,44,2
09,Ciudad de MÃ©xico,009,Milpa Alta,0046,Xoctonco,394,193,201,19,7,12,375,186,189,364,180,184,321,156,165,298,146,152,272,134,138,17,11,6,37,19,18,45,19,26,23,10,13,26,12,14,58,28,30,112,22,10,12,104.15,96,284,14
09,Ciudad de MÃ©xico,009,Milpa Alta,0050,CozcatlÃ¡n,27,17,10,1,1,0,26,16,10,25,16,9,20,13,7,18,12,6,18,12,6,3,0,3,3,3,0,5,4,1,2,1,1,0,0,0,2,2,0,9,1,0,1,58.82,9,17,1
09,Ciudad de MÃ©xico,009,Milpa Alta,0052,La Herradura (SÃ©ptima Curva),102,51,51,5,4,1,97,47,50,93,43,50,81,42,39,74,40,34,67,38,29,4,4,0,12,1,11,17,2,15,7,2,5,7,2,5,15,7,8,29,4,4,0,100,28,70,4
09,Ciudad de MÃ©xico,009,Milpa Alta,0054,Zangahco,72,34,38,3,2,1,69,32,37,68,32,36,57,24,33,53,21,32,44,21,23,1,0,1,11,8,3,13,10,3,4,3,1,9,0,9,7,2,5,20,2,1,1,111.76,19,52,1
09,Ciudad de MÃ©xico,009,Milpa Alta,0056,Hueycotzingo,110,59,51,4,1,3,106,58,48,104,56,48,88,48,40,81,43,38,74,39,35,4,2,2,14,8,6,15,11,4,7,5,2,7,4,3,17,9,8,35,8,5,3,86.44,29,78,3
09,Ciudad de MÃ©xico,009,Milpa Alta,0066,Cuauhtec (El Mirador Santa Ana Tlacotenco),16,9,7,0,0,0,16,9,7,15,9,6,14,8,6,12,7,5,12,7,5,1,0,1,1,1,0,3,2,1,2,1,1,0,0,0,2,2,0,6,1,0,1,77.78,4,11,1
09,Ciudad de MÃ©xico,009,Milpa Alta,0067,La Mora,182,86,96,9,4,5,173,82,91,168,80,88,141,72,69,134,68,66,128,65,63,7,3,4,25,7,18,21,6,15,7,4,3,6,3,3,24,12,12,51,11,4,7,111.63,48,126,8
09,Ciudad de MÃ©xico,009,Milpa Alta,0068,Metenco,464,234,230,13,10,3,451,224,227,433,215,218,388,191,197,362,175,187,335,161,174,25,14,11,38,19,19,53,31,22,26,16,10,27,14,13,58,24,34,129,45,19,26,98.29,102,336,26
09,Ciudad de MÃ©xico,009,Milpa Alta,0072,Tamasquititla,11,5,6,0,0,0,11,5,6,11,5,6,11,5,6,11,5,6,10,5,5,0,0,0,0,0,0,0,0,0,0,0,0,1,0,1,1,1,0,3,3,2,1,120,0,9,2
09,Ciudad de MÃ©xico,009,Milpa Alta,0074,San AgustÃ­n Xolco,38,18,20,1,1,0,37,17,20,37,17,20,32,15,17,31,15,16,30,15,15,1,1,0,4,1,3,4,1,3,1,0,1,1,0,1,9,5,4,11,3,0,3,111.11,7,30,1
09,Ciudad de MÃ©xico,009,Milpa Alta,0077,San Marcos (Tezocotitla),195,106,89,5,1,4,190,105,85,181,101,80,151,84,67,141,74,67,135,72,63,13,6,7,26,15,11,33,24,9,10,10,0,6,2,4,32,16,16,50,22,9,13,83.96,54,126,15
09,Ciudad de MÃ©xico,009,Milpa Alta,0081,Cuyucalco,120,58,62,4,4,0,116,54,62,111,52,59,94,45,49,89,43,46,84,40,44,7,3,4,15,6,9,17,7,10,5,2,3,5,3,2,20,8,12,35,5,2,3,106.9,31,85,4
09,Ciudad de MÃ©xico,009,Milpa Alta,0082,Iztahuaca,84,45,39,4,2,2,80,43,37,78,42,36,70,37,33,62,33,29,56,30,26,3,2,1,7,4,3,13,7,6,8,4,4,6,3,3,10,6,4,26,4,1,3,86.67,22,61,1
09,Ciudad de MÃ©xico,009,Milpa Alta,0083,Tzotzomaco,25,14,11,2,1,1,23,13,10,22,12,10,20,12,8,19,11,8,15,9,6,1,1,0,2,0,2,2,1,1,1,1,0,4,2,2,1,1,0,8,2,1,1,78.57,6,17,2
09,Ciudad de MÃ©xico,009,Milpa Alta,0084,Tlatepexco,156,90,66,11,5,6,145,85,60,137,80,57,116,67,49,112,64,48,103,60,43,10,7,3,19,11,8,16,9,7,4,3,1,9,4,5,18,9,9,45,11,6,5,73.33,44,108,4
09,Ciudad de MÃ©xico,009,Milpa Alta,0088,San Paocotitla,197,84,113,7,4,3,190,80,110,184,77,107,164,71,93,150,66,84,140,60,80,8,5,3,18,4,14,24,8,16,14,5,9,10,6,4,35,17,18,55,16,6,10,134.52,47,142,8
09,Ciudad de MÃ©xico,009,Milpa Alta,0090,Tlacopac,110,57,53,5,3,2,105,54,51,100,50,50,81,38,43,78,37,41,68,35,33,7,5,2,17,11,6,14,6,8,3,1,2,10,2,8,6,3,3,30,4,2,2,92.98,32,75,3
09,Ciudad de MÃ©xico,009,Milpa Alta,0092,Tecolotzitzatzian (Tiapa),15,6,9,0,0,0,15,6,9,14,6,8,11,4,7,10,3,7,10,3,7,2,0,2,2,2,0,2,2,0,1,1,0,0,0,0,1,0,1,2,1,0,1,150,5,9,1
09,Ciudad de MÃ©xico,009,Milpa Alta,0095,Tepetlapa,225,112,113,12,3,9,213,109,104,205,105,100,189,93,96,176,85,91,163,78,85,11,7,4,13,9,4,21,14,7,13,8,5,13,7,6,36,16,20,63,21,10,11,100.89,49,163,13
09,Ciudad de MÃ©xico,009,Milpa Alta,0096,Tequianquiztunco,18,10,8,0,0,0,18,10,8,17,10,7,13,7,6,12,6,6,12,6,6,1,0,1,4,3,1,4,3,1,1,1,0,0,0,0,1,0,1,5,0,0,0,80,6,12,0
09,Ciudad de MÃ©xico,009,Milpa Alta,0098,Tetexipezco,35,16,19,2,0,2,33,16,17,31,14,17,27,12,15,22,10,12,22,10,12,3,2,1,3,2,1,8,4,4,5,2,3,0,0,0,3,2,1,8,2,1,1,118.75,13,20,2
09,Ciudad de MÃ©xico,009,Milpa Alta,0099,Tetlicuili (El Encinal),15,5,10,0,0,0,15,5,10,15,5,10,11,4,7,11,4,7,10,4,6,0,0,0,4,1,3,3,1,2,0,0,0,1,0,1,1,0,1,2,4,2,2,200,4,9,2
09,Ciudad de MÃ©xico,009,Milpa Alta,0101,Texcalatlautenco,40,21,19,1,0,1,39,21,18,39,21,18,31,18,13,26,15,11,23,13,10,0,0,0,8,3,5,11,6,5,5,3,2,3,2,1,6,3,3,14,0,0,0,90.48,14,26,0
09,Ciudad de MÃ©xico,009,Milpa Alta,0103,Tezompa,226,121,105,17,12,5,209,109,100,197,105,92,167,87,80,159,85,74,152,80,72,19,8,11,23,14,9,27,14,13,8,2,6,7,5,2,35,23,12,67,14,7,7,86.78,67,153,6
09,Ciudad de MÃ©xico,009,Milpa Alta,0104,Teziuhtepec,138,65,73,7,2,5,131,63,68,128,61,67,110,55,55,104,51,53,98,47,51,7,4,3,14,4,10,15,6,9,6,4,2,6,4,2,13,6,7,38,12,6,6,112.31,34,100,4
09,Ciudad de MÃ©xico,009,Milpa Alta,0105,Tetzumpa,18,9,9,3,1,2,15,8,7,15,8,7,14,7,7,14,7,7,13,7,6,0,0,0,1,1,0,1,1,0,0,0,0,1,0,1,4,3,1,6,1,0,1,100,4,13,1
09,Ciudad de MÃ©xico,009,Milpa Alta,0109,Tlaxala,69,31,38,1,1,0,68,30,38,67,30,37,56,23,33,49,19,30,46,18,28,2,0,2,10,7,3,16,10,6,7,4,3,3,1,2,8,2,6,14,7,4,3,122.58,20,45,4
09,Ciudad de MÃ©xico,009,Milpa Alta,0112,Tetepanco,153,67,86,8,4,4,145,63,82,141,63,78,117,53,64,107,48,59,95,45,50,6,1,5,22,9,13,19,9,10,10,5,5,12,3,9,24,8,16,37,5,3,2,128.36,46,103,4
09,Ciudad de MÃ©xico,009,Milpa Alta,0113,Copexalco,69,39,30,1,0,1,68,39,29,64,36,28,59,32,27,56,30,26,54,29,25,4,3,1,5,4,1,7,5,2,3,2,1,2,1,1,6,5,1,21,15,7,8,76.92,13,45,11
09,Ciudad de MÃ©xico,009,Milpa Alta,0115,San JosÃ©,313,153,160,13,5,8,300,148,152,288,141,147,249,123,126,234,118,116,214,109,105,17,11,6,34,14,20,39,17,22,15,5,10,20,9,11,40,13,27,90,28,15,13,104.58,79,212,22
09,Ciudad de MÃ©xico,009,Milpa Alta,0116,Hueytepetl (Bugambilias),249,126,123,6,2,4,243,124,119,237,120,117,200,98,102,187,93,94,172,88,84,8,6,2,35,20,15,36,18,18,13,5,8,15,5,10,37,14,23,74,19,11,8,97.62,62,175,12
09,Ciudad de MÃ©xico,009,Milpa Alta,0117,Ocoximalipa,144,72,72,6,2,4,138,70,68,133,66,67,113,59,54,106,57,49,97,53,44,8,5,3,17,6,11,22,8,14,7,2,5,9,4,5,12,7,5,45,11,5,6,100,38,101,5
09,Ciudad de MÃ©xico,009,Milpa Alta,0120,Corralixpa,245,118,127,5,1,4,240,117,123,235,115,120,205,99,106,188,92,96,165,81,84,8,4,4,27,14,13,34,16,18,17,7,10,23,11,12,32,15,17,64,18,6,12,107.63,57,178,10
09,Ciudad de MÃ©xico,009,Milpa Alta,0126,Coyocalli,44,24,20,2,2,0,42,22,20,39,20,19,28,15,13,27,14,13,27,14,13,3,2,1,11,5,6,8,6,2,1,1,0,0,0,0,4,1,3,11,1,1,0,83.33,17,27,0
09,Ciudad de MÃ©xico,009,Milpa Alta,0129,Tlapalan,36,17,19,2,2,0,34,15,19,31,14,17,24,10,14,23,10,13,21,9,12,8,3,5,2,2,0,2,1,1,1,0,1,2,1,1,4,2,2,9,0,0,0,111.76,13,23,0
09,Ciudad de MÃ©xico,009,Milpa Alta,0131,Texalco,157,79,78,4,4,0,153,75,78,149,74,75,121,62,59,107,51,56,93,44,49,9,3,6,23,10,13,28,18,10,14,11,3,14,7,7,16,5,11,42,6,3,3,98.73,50,102,5
09,Ciudad de MÃ©xico,009,Milpa Alta,0134,Queapilco,59,28,31,1,0,1,58,28,30,55,27,28,51,25,26,47,22,25,45,22,23,4,2,2,3,1,2,7,4,3,4,3,1,2,0,2,12,5,7,15,4,3,1,110.71,12,45,2
09,Ciudad de MÃ©xico,009,Milpa Alta,0138,Barranca Seca (Pozo Ocho),265,140,125,16,7,9,249,133,116,237,125,112,200,104,96,188,99,89,177,93,84,17,11,6,32,18,14,35,17,18,12,5,7,11,6,5,29,14,15,69,19,12,7,89.29,77,173,15
09,Ciudad de MÃ©xico,009,Milpa Alta,0139,Teatlaco,165,94,71,7,6,1,158,88,70,154,86,68,139,77,62,130,72,58,113,66,47,5,3,2,14,8,6,20,12,8,9,5,4,17,6,11,30,18,12,57,8,6,2,75.53,35,123,7
09,Ciudad de MÃ©xico,009,Milpa Alta,0140,Tlaloxtoc (Ejidos de Tecoxpa),19,11,8,0,0,0,19,11,8,18,10,8,14,8,6,12,7,5,12,7,5,2,1,1,3,2,1,5,3,2,2,1,1,0,0,0,1,1,0,6,3,1,2,72.73,7,10,2
09,Ciudad de MÃ©xico,009,Milpa Alta,0141,Tezquizco,11,4,7,1,1,0,10,3,7,10,3,7,8,3,5,8,3,5,8,3,5,0,0,0,2,0,2,1,0,1,0,0,0,0,0,0,0,0,0,3,0,0,0,175,3,8,0
09,Ciudad de MÃ©xico,009,Milpa Alta,0142,Atuzanco,20,10,10,1,1,0,19,9,10,19,9,10,17,9,8,15,9,6,15,9,6,0,0,0,2,0,2,4,0,4,2,0,2,0,0,0,5,3,2,7,1,1,0,100,5,14,1
09,Ciudad de MÃ©xico,009,Milpa Alta,0147,El Potrero,23,15,8,2,2,0,21,13,8,21,13,8,16,9,7,15,8,7,14,8,6,1,1,0,4,3,1,4,3,1,1,1,0,1,0,1,0,0,0,6,3,2,1,53.33,8,14,1
09,Ciudad de MÃ©xico,009,Milpa Alta,0151,Miquixpa,50,27,23,2,1,1,48,26,22,46,25,21,40,21,19,33,17,16,31,15,16,3,2,1,5,3,2,11,7,4,7,4,3,2,2,0,8,3,5,15,0,0,0,85.19,17,33,0
09,Ciudad de MÃ©xico,009,Milpa Alta,0152,San Lorenzo Tlacoyucan,4288,2186,2102,176,88,88,4112,2098,2014,3975,2025,1950,3434,1766,1668,3250,1680,1570,3056,1581,1475,211,111,100,467,221,246,480,221,259,184,86,98,194,99,95,498,245,253,1181,495,259,236,96.16,1038,2920,330
09,Ciudad de MÃ©xico,009,Milpa Alta,0154,Rinconada del Teoca,134,67,67,8,6,2,126,61,65,120,58,62,104,51,53,98,47,51,89,42,47,7,4,3,15,6,9,15,8,7,6,4,2,9,5,4,15,10,5,39,11,4,7,100,36,94,4
09,Ciudad de MÃ©xico,009,Milpa Alta,0155,Tepexomulco,123,58,65,3,1,2,120,57,63,117,56,61,98,48,50,89,45,44,82,42,40,6,3,3,16,6,10,22,6,16,9,3,6,7,3,4,17,6,11,30,13,7,6,112.07,34,82,7
09,Ciudad de MÃ©xico,009,Milpa Alta,0156,Temoclaluca,32,11,21,1,0,1,31,11,20,30,11,19,27,10,17,24,9,15,21,7,14,3,0,3,1,1,0,4,2,2,3,1,2,3,2,1,2,0,2,7,5,2,3,190.91,8,24,0
09,Ciudad de MÃ©xico,009,Milpa Alta,0158,Malacaxco,314,145,169,15,6,9,299,139,160,286,133,153,243,116,127,222,106,116,200,94,106,21,9,12,35,14,21,44,21,23,21,10,11,22,12,10,40,17,23,87,22,7,15,116.55,92,213,9
09,Ciudad de MÃ©xico,009,Milpa Alta,0159,Cuatlixco,13,8,5,0,0,0,13,8,5,13,8,5,11,7,4,10,6,4,9,5,4,1,1,0,1,0,1,2,1,1,1,1,0,1,1,0,3,2,1,6,0,0,0,62.5,3,10,0
09,Ciudad de MÃ©xico,009,Milpa Alta,0161,Coametzu,302,148,154,16,8,8,286,140,146,276,137,139,231,117,114,212,106,106,190,97,93,16,6,10,39,17,22,45,22,23,19,11,8,22,9,13,48,25,23,91,11,6,5,104.05,90,205,7
09,Ciudad de MÃ©xico,009,Milpa Alta,0163,Cuauhtunco,260,124,136,11,6,5,249,118,131,243,117,126,210,100,110,196,96,100,177,90,87,12,3,9,27,15,12,37,18,19,14,4,10,19,6,13,39,18,21,83,14,6,8,109.68,64,186,10
09,Ciudad de MÃ©xico,009,Milpa Alta,0166,La Era,7,3,4,0,0,0,7,3,4,6,2,4,6,2,4,6,2,4,6,2,4,1,1,0,0,0,0,0,0,0,0,0,0,0,0,0,4,1,3,2,0,0,0,133.33,1,6,0
09,Ciudad de MÃ©xico,009,Milpa Alta,0167,Tepetenco,303,160,143,8,5,3,295,155,140,283,150,133,248,132,116,220,114,106,203,105,98,16,7,9,31,16,15,46,29,17,28,18,10,17,9,8,38,16,22,88,27,10,17,89.38,83,204,16
09,Ciudad de MÃ©xico,009,Milpa Alta,0168,San Isidro Cuatepec,1063,557,506,43,20,23,1020,537,483,980,515,465,834,437,397,776,407,369,715,374,341,65,38,27,121,62,59,146,72,74,58,30,28,61,33,28,127,70,57,323,62,30,32,90.84,287,741,35
09,Ciudad de MÃ©xico,009,Milpa Alta,0169,Xaluis,191,89,102,9,6,3,182,83,99,174,80,94,144,70,74,134,66,68,124,63,61,13,4,9,25,9,16,27,11,16,10,4,6,10,3,7,23,13,10,52,10,6,4,114.61,57,127,7
09,Ciudad de MÃ©xico,009,Milpa Alta,0171,Tepetipac,277,152,125,12,8,4,265,144,121,254,139,115,217,117,100,203,110,93,184,102,82,19,12,7,29,15,14,31,16,15,14,7,7,19,8,11,35,22,13,91,16,9,7,82.24,74,192,11
09,Ciudad de MÃ©xico,009,Milpa Alta,0172,Tlatlalahuaya,48,26,22,5,3,2,43,23,20,41,23,18,36,20,16,33,18,15,30,17,13,2,0,2,5,3,2,7,5,2,3,2,1,3,1,2,9,5,4,15,4,2,2,84.62,15,29,4
09,Ciudad de MÃ©xico,009,Milpa Alta,0173,Texunco (Camino Real a Tlaltenami),65,37,28,4,2,2,61,35,26,61,35,26,53,30,23,49,28,21,49,28,21,0,0,0,8,5,3,8,5,3,4,2,2,0,0,0,10,5,5,21,8,4,4,75.68,16,42,7
09,Ciudad de MÃ©xico,009,Milpa Alta,0174,Mecalco (Camino al Mirador),232,118,114,9,3,6,223,115,108,215,111,104,183,94,89,172,85,87,160,81,79,10,5,5,30,16,14,28,16,12,11,9,2,12,4,8,24,14,10,61,24,13,11,96.61,60,154,18
09,Ciudad de MÃ©xico,009,Milpa Alta,0176,Zacatonco,359,177,182,16,8,8,343,169,174,327,160,167,285,136,149,267,131,136,246,119,127,22,14,8,36,19,17,43,17,26,18,5,13,21,12,9,56,22,34,105,28,14,14,102.82,92,253,14
09,Ciudad de MÃ©xico,009,Milpa Alta,0178,Xali,84,40,44,3,1,2,81,39,42,78,39,39,63,32,31,53,28,25,53,28,25,4,1,3,14,6,8,18,8,10,10,4,6,0,0,0,8,4,4,18,8,4,4,110,31,49,4
09,Ciudad de MÃ©xico,009,Milpa Alta,0185,Zacazontlipac,363,181,182,12,6,6,351,175,176,340,170,170,307,153,154,289,146,143,275,140,135,14,6,8,30,16,14,38,18,20,18,7,11,14,6,8,52,31,21,116,34,18,16,100.55,74,266,23
09,Ciudad de MÃ©xico,009,Milpa Alta,0187,Santa Catarina (Piedra Blanca),177,87,90,0,0,0,177,87,90,173,86,87,158,78,80,149,73,76,140,71,69,8,3,5,11,6,5,17,9,8,9,5,4,9,2,7,22,11,11,49,29,12,17,103.45,28,131,18
09,Ciudad de MÃ©xico,009,Milpa Alta,0188,Cuauhtetec,270,134,136,7,2,5,263,132,131,254,127,127,222,109,113,201,99,102,189,94,95,13,7,6,28,16,12,34,17,17,21,10,11,12,5,7,43,19,24,76,15,7,8,101.49,69,192,9
09,Ciudad de MÃ©xico,009,Milpa Alta,0189,Huitlalpa,59,35,24,3,2,1,56,33,23,52,30,22,44,25,19,41,24,17,39,23,16,6,3,3,6,5,1,7,5,2,3,1,2,2,1,1,10,6,4,19,6,3,3,68.57,18,38,3
09,Ciudad de MÃ©xico,009,Milpa Alta,0191,Texcolipan,15,8,7,0,0,0,15,8,7,14,8,6,14,8,6,13,7,6,12,7,5,1,0,1,0,0,0,1,1,0,1,1,0,1,0,1,1,0,1,4,1,0,1,87.5,2,12,1
09,Ciudad de MÃ©xico,009,Milpa Alta,0192,Tetzmititla,33,17,16,2,1,1,31,16,15,30,16,14,25,14,11,25,14,11,23,12,11,1,0,1,5,2,3,3,1,2,0,0,0,2,2,0,6,3,3,12,1,0,1,94.12,8,24,1
09,Ciudad de MÃ©xico,009,Milpa Alta,0195,Tlaxiomulco,143,76,67,6,3,3,137,73,64,133,71,62,107,56,51,96,50,46,87,43,44,6,4,2,24,13,11,27,15,12,11,6,5,9,7,2,15,8,7,42,8,4,4,88.16,47,92,4
09,Ciudad de MÃ©xico,009,Milpa Alta,0198,Tecoloxtitla,158,74,84,8,5,3,150,69,81,144,66,78,126,59,67,116,52,64,106,47,59,8,3,5,16,7,9,18,10,8,10,7,3,10,5,5,15,4,11,41,10,2,8,113.51,42,112,4
09,Ciudad de MÃ©xico,009,Milpa Alta,0199,Tapalaco (Amacapultitla),81,38,43,3,3,0,78,35,43,74,35,39,62,27,35,61,27,34,57,26,31,4,0,4,12,8,4,7,6,1,1,0,1,4,1,3,11,5,6,20,6,3,3,113.16,20,56,5
09,Ciudad de MÃ©xico,009,Milpa Alta,0200,Teacalco,25,14,11,1,0,1,24,14,10,24,14,10,20,12,8,17,10,7,17,10,7,0,0,0,4,2,2,5,3,2,3,2,1,0,0,0,2,1,1,9,1,1,0,78.57,8,16,1
09,Ciudad de MÃ©xico,009,Milpa Alta,0202,Cuauhzontlipan,103,47,56,6,2,4,97,45,52,95,45,50,84,40,44,77,37,40,71,33,38,6,4,2,7,1,6,12,4,8,7,3,4,6,4,2,17,6,11,27,8,5,3,119.15,26,72,5
09,Ciudad de MÃ©xico,009,Milpa Alta,0203,Huepaltepec,74,38,36,3,2,1,71,36,35,68,34,34,55,27,28,52,26,26,47,24,23,4,2,2,12,7,5,12,5,7,3,1,2,5,2,3,7,4,3,20,2,1,1,94.74,22,51,1
09,Ciudad de MÃ©xico,009,Milpa Alta,0204,MecatlÃ¡n (Rancho el Refugio),61,29,32,3,2,1,58,27,31,56,26,30,49,24,25,46,23,23,41,20,21,2,1,1,7,2,5,8,3,5,3,1,2,5,3,2,7,3,4,18,8,2,6,110.34,15,43,3
09,Ciudad de MÃ©xico,009,Milpa Alta,0205,Tecupilco (KilÃ³metro 17.5),124,79,45,6,4,2,118,75,43,114,72,42,100,62,38,88,53,35,83,50,33,4,3,1,14,10,4,25,18,7,12,9,3,5,3,2,12,5,7,37,8,6,2,56.96,36,82,6
09,Ciudad de MÃ©xico,009,Milpa Alta,0206,Xaxalpa,141,71,70,5,4,1,136,67,69,133,65,68,119,57,62,112,54,58,100,49,51,4,3,1,13,7,6,16,9,7,7,3,4,12,5,7,19,8,11,41,9,6,3,98.59,29,106,6
09,Ciudad de MÃ©xico,009,Milpa Alta,0207,Xaltepetitla,61,28,33,3,2,1,58,26,32,57,26,31,52,24,28,51,24,27,47,23,24,2,1,1,4,1,3,5,1,4,1,0,1,4,1,3,10,3,7,17,6,2,4,117.86,10,48,3
09,Ciudad de MÃ©xico,009,Milpa Alta,0208,Tetecolok,88,47,41,8,3,5,80,44,36,77,44,33,69,38,31,65,35,30,59,32,27,4,1,3,7,5,2,9,7,2,4,3,1,6,3,3,18,11,7,28,10,6,4,87.23,23,62,3
09,Ciudad de MÃ©xico,009,Milpa Alta,0210,Santa Rosa,187,94,93,8,4,4,179,90,89,174,88,86,139,73,66,127,65,62,117,60,57,10,2,8,30,15,15,36,19,17,12,8,4,10,5,5,16,9,7,53,17,9,8,98.94,60,116,11
09,Ciudad de MÃ©xico,009,Milpa Alta,0211,Olla de Piedra,126,62,64,8,5,3,118,57,61,115,57,58,102,50,52,94,48,46,82,43,39,4,1,3,12,6,6,18,6,12,8,2,6,12,5,7,14,8,6,39,7,4,3,103.23,32,89,5
09,Ciudad de MÃ©xico,009,Milpa Alta,0213,El Zapote (Techultepec),66,32,34,3,2,1,63,30,33,63,30,33,46,22,24,41,19,22,37,19,18,1,0,1,16,8,8,17,8,9,5,3,2,4,0,4,4,1,3,14,4,1,3,106.25,25,40,1
09,Ciudad de MÃ©xico,009,Milpa Alta,0214,Maxulco (Barrio Cruztitla),222,114,108,10,7,3,212,107,105,204,102,102,175,88,87,161,85,76,148,77,71,16,8,8,21,11,10,26,8,18,14,3,11,13,8,5,27,13,14,68,17,10,7,94.74,61,149,12
09,Ciudad de MÃ©xico,009,Milpa Alta,0215,Tecoxpa (El Pirul),11,6,5,1,0,1,10,6,4,10,6,4,8,5,3,7,5,2,7,5,2,0,0,0,2,1,1,2,1,1,1,0,1,0,0,0,1,1,0,3,2,2,0,83.33,4,6,1
09,Ciudad de MÃ©xico,009,Milpa Alta,0216,Santa Martha Cosalan,98,52,46,6,5,1,92,47,45,89,46,43,75,37,38,71,36,35,67,33,34,6,2,4,11,8,3,9,5,4,4,1,3,4,3,1,9,4,5,23,14,8,6,88.46,27,61,10
09,Ciudad de MÃ©xico,009,Milpa Alta,0217,Zacuaztitla,413,198,215,23,11,12,390,187,203,367,176,191,312,154,158,295,143,152,271,134,137,32,17,15,46,16,30,50,24,26,17,11,6,24,9,15,66,31,35,111,24,12,12,108.59,118,281,14
09,Ciudad de MÃ©xico,009,Milpa Alta,0219,Omaxa,191,99,92,7,5,2,184,94,90,176,89,87,152,83,69,140,75,65,128,67,61,12,6,6,20,5,15,22,11,11,12,8,4,12,8,4,22,15,7,52,17,10,7,92.93,51,133,7
09,Ciudad de MÃ©xico,009,Milpa Alta,0222,Ahuatitla (Ixmatunco),47,28,19,2,1,1,45,27,18,44,26,18,37,20,17,34,19,15,32,18,14,1,1,0,7,6,1,9,6,3,3,1,2,2,1,1,8,5,3,15,2,1,1,67.86,13,33,1
09,Ciudad de MÃ©xico,009,Milpa Alta,0223,Texacazintla (Xacalixpa),111,56,55,4,2,2,107,54,53,105,52,53,90,43,47,81,38,43,75,34,41,5,4,1,12,7,5,17,10,7,9,5,4,6,4,2,12,5,7,32,8,2,6,98.21,30,76,5
09,Ciudad de MÃ©xico,009,Milpa Alta,0224,Chichilesca,207,106,101,13,9,4,194,97,97,186,93,93,168,84,84,152,75,77,140,69,71,11,5,6,15,8,7,24,14,10,16,9,7,12,6,6,29,11,18,60,16,9,7,95.28,55,142,10
09,Ciudad de MÃ©xico,009,Milpa Alta,0226,Calle Capulines,13,5,8,0,0,0,13,5,8,13,5,8,12,4,8,12,4,8,12,4,8,0,0,0,1,1,0,1,1,0,0,0,0,0,0,0,2,0,2,2,2,2,0,160,1,10,2
09,Ciudad de MÃ©xico,009,Milpa Alta,0227,Temalacatl,46,23,23,4,3,1,42,20,22,40,19,21,29,15,14,29,15,14,28,14,14,3,1,2,10,4,6,7,3,4,0,0,0,1,1,0,6,3,3,13,1,0,1,100,17,29,0
09,Ciudad de MÃ©xico,009,Milpa Alta,0228,Temoayan,12,4,8,0,0,0,12,4,8,12,4,8,12,4,8,12,4,8,12,4,8,0,0,0,0,0,0,0,0,0,0,0,0,0,0,0,5,2,3,4,0,0,0,200,0,12,0
09,Ciudad de MÃ©xico,009,Milpa Alta,0229,ProlongaciÃ³n Xolotl,20,7,13,1,0,1,19,7,12,13,6,7,12,6,6,12,6,6,12,6,6,6,1,5,1,0,1,1,0,1,0,0,0,0,0,0,0,0,0,5,0,0,0,185.71,8,12,0
09,Ciudad de MÃ©xico,009,Milpa Alta,0233,Las Cruces Parte Alta (Tehuepanco),166,82,84,3,0,3,163,82,81,154,78,76,131,65,66,123,59,64,108,53,55,12,6,6,20,11,9,22,14,8,8,6,2,15,6,9,12,5,7,41,18,11,7,102.44,43,111,12
09,Ciudad de MÃ©xico,009,Milpa Alta,0234,Cuacualipa,36,17,19,1,0,1,35,17,18,34,17,17,30,14,16,29,13,16,29,13,16,1,0,1,4,3,1,4,3,1,1,1,0,0,0,0,8,2,6,11,2,0,2,111.76,7,29,0
09,Ciudad de MÃ©xico,009,Milpa Alta,0235,Tehuistitla,88,45,43,3,2,1,85,43,42,81,42,39,64,33,31,58,30,28,56,30,26,5,2,3,16,8,8,16,7,9,6,3,3,2,0,2,7,6,1,25,2,2,0,95.56,30,57,1
09,Ciudad de MÃ©xico,009,Milpa Alta,0236,Cuaxaltepec,10,5,5,0,0,0,10,5,5,10,5,5,8,4,4,8,4,4,8,4,4,1,1,0,1,0,1,0,0,0,0,0,0,0,0,0,2,1,1,2,2,1,1,100,2,6,2
09,Ciudad de MÃ©xico,009,Milpa Alta,0239,Tecpallo,70,37,33,3,2,1,67,35,32,66,35,31,59,30,29,55,28,27,50,26,24,2,1,1,6,4,2,8,4,4,4,2,2,5,2,3,6,3,3,20,6,3,3,89.19,15,52,3
09,Ciudad de MÃ©xico,009,Milpa Alta,0241,Loma Bonita,64,35,29,0,0,0,64,35,29,63,34,29,56,29,27,50,27,23,42,23,19,1,1,0,7,5,2,10,5,5,6,2,4,8,4,4,4,2,2,21,4,1,3,82.86,14,49,1
09,Ciudad de MÃ©xico,009,Milpa Alta,0242,Cuacuahotlipa,300,148,152,9,4,5,291,144,147,283,141,142,237,121,116,221,112,109,201,103,98,15,6,9,39,17,22,45,21,24,16,9,7,20,9,11,44,23,21,86,23,14,9,102.7,79,209,12
09,Ciudad de MÃ©xico,009,Milpa Alta,0243,Nacatulatlaxco,20,10,10,0,0,0,20,10,10,20,10,10,17,8,9,15,8,7,13,7,6,2,2,0,1,0,1,2,0,2,2,0,2,2,1,1,1,0,1,5,3,2,1,100,5,12,3
09,Ciudad de MÃ©xico,009,Milpa Alta,0244,Tlacoxpa (Teshutla),31,13,18,2,1,1,29,12,17,28,12,16,25,11,14,24,11,13,22,10,12,1,0,1,3,1,2,3,1,2,1,0,1,2,1,1,4,2,2,6,3,2,1,138.46,7,22,2
09,Ciudad de MÃ©xico,009,Milpa Alta,0245,Citlalcuac (Rancho el ParaÃ­so Perdido),114,53,61,2,1,1,112,52,60,106,51,55,84,38,46,70,33,37,60,29,31,8,3,5,20,11,9,26,12,14,14,5,9,10,4,6,17,7,10,31,1,0,1,115.09,44,69,1
09,Ciudad de MÃ©xico,009,Milpa Alta,0246,Atoctenco (ProlongaciÃ³n NiÃ±os HÃ©roes),140,61,79,4,0,4,136,61,75,132,60,72,119,56,63,102,48,54,96,45,51,5,1,4,12,4,8,24,10,14,17,8,9,6,3,3,11,1,10,35,10,4,6,129.51,38,95,7
09,Ciudad de MÃ©xico,009,Milpa Alta,0248,Paraje Huicalco,111,55,56,4,3,1,107,52,55,105,50,55,93,45,48,84,40,44,77,37,40,2,2,0,12,5,7,17,7,10,9,5,4,7,3,4,14,6,8,31,8,3,5,101.82,27,79,5
09,Ciudad de MÃ©xico,009,Milpa Alta,0249,Los Aguilar,11,7,4,0,0,0,11,7,4,11,7,4,11,7,4,11,7,4,11,7,4,0,0,0,0,0,0,0,0,0,0,0,0,0,0,0,0,0,0,4,4,3,1,57.14,0,7,4
09,Ciudad de MÃ©xico,009,Milpa Alta,0250,Tetexaloca,25,14,11,0,0,0,25,14,11,24,13,11,21,12,9,20,12,8,19,11,8,2,1,1,2,1,1,2,1,1,1,0,1,1,1,0,5,4,1,10,0,0,0,78.57,5,20,0
09,Ciudad de MÃ©xico,009,Milpa Alta,0251,ProlongaciÃ³n Justo Sierra,48,30,18,3,2,1,45,28,17,43,26,17,37,21,16,36,20,16,33,18,15,3,2,1,5,5,0,4,4,0,1,1,0,3,2,1,9,5,4,15,4,2,2,60,12,34,2
09,Ciudad de MÃ©xico,009,Milpa Alta,0252,Acatlahuco,95,47,48,3,1,2,92,46,46,90,45,45,83,40,43,77,37,40,74,36,38,4,3,1,5,3,2,10,5,5,6,3,3,3,1,2,14,7,7,27,5,2,3,102.13,18,76,1
09,Ciudad de MÃ©xico,009,Milpa Alta,0253,Xalmoyo,95,49,46,8,2,6,87,47,40,86,46,40,72,39,33,70,37,33,65,36,29,3,2,1,12,6,6,10,6,4,2,2,0,5,1,4,14,7,7,25,9,6,3,93.88,25,65,5
09,Ciudad de MÃ©xico,009,Milpa Alta,0254,Oluca,367,175,192,7,3,4,360,172,188,348,166,182,307,148,159,281,139,142,256,130,126,20,10,10,33,14,19,45,17,28,26,9,17,25,9,16,43,23,20,108,22,14,8,109.71,86,269,12
09,Ciudad de MÃ©xico,009,Milpa Alta,0256,Tlalcoxtepec,221,99,122,10,4,6,211,95,116,200,90,110,168,79,89,156,74,82,145,70,75,21,8,13,22,8,14,28,10,18,12,5,7,11,4,7,22,11,11,59,15,7,8,123.23,65,149,7
09,Ciudad de MÃ©xico,009,Milpa Alta,0257,Camino Viejo a Santa Cruz,78,43,35,5,5,0,73,38,35,68,36,32,55,29,26,49,26,23,44,24,20,6,3,3,12,6,6,16,7,9,6,3,3,5,2,3,9,5,4,21,3,1,2,81.4,29,48,1
09,Ciudad de MÃ©xico,009,Milpa Alta,0264,Panuca (Cuatexoxoco),49,24,25,1,1,0,48,23,25,44,20,24,39,18,21,38,17,21,35,17,18,5,3,2,4,2,2,3,2,1,1,1,0,3,0,3,6,5,1,12,6,2,4,104.17,11,35,3
09,Ciudad de MÃ©xico,009,Milpa Alta,0265,Tlaltepec (Tlacoxtepec),107,60,47,6,5,1,101,55,46,99,53,46,91,46,45,89,45,44,81,42,39,3,3,0,7,6,1,8,7,1,2,1,1,8,3,5,19,8,11,30,10,5,5,78.33,18,86,3
09,Ciudad de MÃ©xico,009,Milpa Alta,0266,Chimeo (Las Palmas),146,70,76,4,3,1,142,67,75,131,62,69,109,53,56,102,50,52,95,46,49,16,6,10,17,8,9,16,8,8,7,3,4,7,4,3,27,11,16,40,9,5,4,108.57,44,93,9
09,Ciudad de MÃ©xico,009,Milpa Alta,0268,Moxala,161,74,87,7,4,3,154,70,84,147,68,79,122,58,64,108,53,55,101,50,51,10,4,6,22,8,14,31,12,19,14,5,9,7,3,4,16,9,7,41,12,8,4,117.57,53,102,6
09,Ciudad de MÃ©xico,009,Milpa Alta,0269,El Cerrito,236,113,123,14,10,4,222,103,119,211,99,112,182,86,96,169,80,89,158,76,82,14,5,9,26,12,14,34,15,19,13,6,7,11,4,7,29,12,17,60,17,11,6,108.85,67,162,7
09,Ciudad de MÃ©xico,009,Milpa Alta,0271,San Miguel (Tecoxomayehualtitla),34,17,17,1,1,0,33,16,17,32,15,17,28,13,15,27,13,14,25,12,13,2,1,1,3,2,1,4,2,2,1,0,1,2,1,1,5,2,3,8,4,1,3,100,7,27,0
09,Ciudad de MÃ©xico,009,Milpa Alta,0274,Tlalmanco (ProlongaciÃ³n Benito JuÃ¡rez),12,4,8,1,0,1,11,4,7,10,3,7,7,3,4,7,3,4,7,3,4,2,1,1,2,0,2,2,0,2,0,0,0,0,0,0,2,1,1,2,0,0,0,200,5,7,0
09,Ciudad de MÃ©xico,009,Milpa Alta,0275,Tlalcocomoya,38,20,18,1,0,1,37,20,17,34,18,16,28,15,13,27,15,12,25,14,11,4,2,2,5,3,2,4,2,2,1,0,1,2,1,1,3,1,2,13,3,1,2,90,11,25,2
09,Ciudad de MÃ©xico,009,Milpa Alta,0276,Paraje Tatazquiopa,27,14,13,1,0,1,26,14,12,24,13,11,19,10,9,18,10,8,17,10,7,2,1,1,5,3,2,6,3,3,1,0,1,1,0,1,4,2,2,6,1,1,0,92.86,9,17,1
09,Ciudad de MÃ©xico,009,Milpa Alta,0277,Atoctenco,546,280,266,17,10,7,529,270,259,513,263,250,437,221,216,402,207,195,374,196,178,29,14,15,63,35,28,76,34,42,35,14,21,28,11,17,71,39,32,158,41,23,18,95,144,373,29
09,Ciudad de MÃ©xico,009,Milpa Alta,0278,Tecamac,63,35,28,2,0,2,61,35,26,57,33,24,47,25,22,43,23,20,38,19,19,6,4,2,8,6,2,10,6,4,4,2,2,5,4,1,6,5,1,17,5,1,4,80,20,39,4
09,Ciudad de MÃ©xico,009,Milpa Alta,0280,Teutlalpa,11,7,4,1,0,1,10,7,3,8,5,3,7,4,3,6,4,2,6,4,2,3,3,0,0,0,0,1,0,1,1,0,1,0,0,0,0,0,0,1,1,1,0,57.14,5,5,1
09,Ciudad de MÃ©xico,009,Milpa Alta,0281,Zihuantemohuayan,27,16,11,1,1,0,26,15,11,26,15,11,21,12,9,20,12,8,19,11,8,0,0,0,5,3,2,4,2,2,1,0,1,1,1,0,4,2,2,7,6,4,2,68.75,7,16,4
09,Ciudad de MÃ©xico,009,Milpa Alta,0282,Las Abejas,20,11,9,2,1,1,18,10,8,16,8,8,14,8,6,14,8,6,12,7,5,2,2,0,2,0,2,2,0,2,0,0,0,2,1,1,2,1,1,6,2,1,1,81.82,6,12,2
09,Ciudad de MÃ©xico,009,Milpa Alta,0283,Tlatzala,50,27,23,2,1,1,48,26,22,47,26,21,40,20,20,31,18,13,28,17,11,2,0,2,6,6,0,14,7,7,9,2,7,3,1,2,4,4,0,17,2,0,2,85.19,19,31,0
09,Ciudad de MÃ©xico,009,Milpa Alta,0284,Tetzompa,66,34,32,3,3,0,63,31,32,61,29,32,50,23,27,48,23,25,42,19,23,3,2,1,10,6,4,9,4,5,2,0,2,6,4,2,7,3,4,19,2,1,1,94.12,18,46,2
09,Ciudad de MÃ©xico,009,Milpa Alta,0285,Tuzanco (La Joya),351,179,172,18,8,10,333,171,162,320,161,159,282,139,143,265,133,132,240,125,115,16,12,4,35,20,15,50,24,26,17,6,11,25,8,17,44,25,19,109,17,9,8,96.09,86,255,10
09,Ciudad de MÃ©xico,009,Milpa Alta,0288,Tlacopanco,59,26,33,3,0,3,56,26,30,54,25,29,46,23,23,43,23,20,37,19,18,3,1,2,7,2,5,9,1,8,3,0,3,6,4,2,6,2,4,19,0,0,0,126.92,16,43,0
09,Ciudad de MÃ©xico,009,Milpa Alta,0289,Pixucaltitla,72,35,37,1,0,1,71,35,36,68,32,36,47,24,23,40,20,20,35,18,17,6,3,3,18,8,10,17,7,10,7,4,3,5,2,3,2,0,2,17,1,1,0,105.71,32,40,0
09,Ciudad de MÃ©xico,009,Milpa Alta,0291,KilÃ³metro 24,21,16,5,0,0,0,21,16,5,20,16,4,14,10,4,13,9,4,11,7,4,1,0,1,6,6,0,5,5,0,1,1,0,2,2,0,3,3,0,9,0,0,0,31.25,8,13,0
09,Ciudad de MÃ©xico,009,Milpa Alta,0292,Joyas Parte Alta,591,290,301,32,18,14,559,272,287,535,260,275,468,238,230,432,223,209,396,205,191,32,14,18,59,20,39,77,29,48,36,15,21,36,18,18,88,47,41,180,32,16,16,103.79,159,411,21
09,Ciudad de MÃ©xico,009,Milpa Alta,0297,San Antonio Cuilotepec,390,199,191,16,9,7,374,190,184,364,186,178,307,157,150,282,140,142,258,131,127,18,9,9,49,24,25,58,30,28,25,17,8,24,9,15,57,28,29,111,18,9,9,95.98,108,271,11
09,Ciudad de MÃ©xico,009,Milpa Alta,0300,San NicolÃ¡s Tetelco,4078,2057,2021,165,77,88,3913,1980,1933,3785,1928,1857,3278,1676,1602,3023,1564,1459,2800,1455,1345,202,97,105,433,207,226,549,251,298,255,112,143,223,109,114,471,234,237,1137,406,222,184,98.25,1055,2749,274
09,Ciudad de MÃ©xico,009,Milpa Alta,0301,El Tejocote,86,42,44,3,3,0,83,39,44,82,39,43,75,36,39,69,34,35,59,28,31,3,2,1,5,1,4,10,3,7,6,2,4,10,6,4,13,5,8,27,9,4,5,104.76,17,62,7
09,Ciudad de MÃ©xico,009,Milpa Alta,0303,Arboledas,183,85,98,6,2,4,177,83,94,171,79,92,149,69,80,130,64,66,115,58,57,10,7,3,18,7,11,32,8,24,19,5,14,15,6,9,13,6,7,45,17,9,8,115.29,53,119,11
09,Ciudad de MÃ©xico,009,Milpa Alta,0304,Emiliano Zapata (Camino al Cerro),45,24,21,2,2,0,43,22,21,42,22,20,32,18,14,27,15,12,24,14,10,2,0,2,9,4,5,11,6,5,5,3,2,3,1,2,3,2,1,13,1,1,0,87.5,18,27,0
09,Ciudad de MÃ©xico,009,Milpa Alta,0305,Corraltitla,166,75,91,9,2,7,157,73,84,152,72,80,135,68,67,126,63,63,114,58,56,6,1,5,16,4,12,21,8,13,9,5,4,12,5,7,23,11,12,54,6,3,3,121.33,40,123,3
09,Ciudad de MÃ©xico,009,Milpa Alta,0306,Tepanoco,33,18,15,0,0,0,33,18,15,33,18,15,26,16,10,22,13,9,21,12,9,1,0,1,6,2,4,9,5,4,4,3,1,1,1,0,0,0,0,10,6,3,3,83.33,11,19,3
09,Ciudad de MÃ©xico,009,Milpa Alta,0310,Santa Martha Xolco,58,25,33,5,3,2,53,22,31,50,21,29,39,15,24,38,14,24,38,14,24,4,1,3,10,6,4,6,4,2,1,1,0,0,0,0,2,0,2,9,2,1,1,132,20,38,0
09,Ciudad de MÃ©xico,009,Milpa Alta,0312,Tepetitla (Villa Hermosa),27,12,15,0,0,0,27,12,15,27,12,15,23,11,12,22,10,12,19,9,10,0,0,0,4,1,3,4,2,2,1,1,0,3,1,2,4,2,2,9,2,1,1,125,5,20,2
09,Ciudad de MÃ©xico,009,Milpa Alta,0313,Totoxhpa (Cerrada CuliacÃ¡n),17,6,11,2,1,1,15,5,10,14,5,9,12,4,8,12,4,8,12,4,8,1,0,1,2,1,1,1,1,0,0,0,0,0,0,0,4,0,4,3,2,1,1,183.33,5,12,0
09,Ciudad de MÃ©xico,009,Milpa Alta,0314,Belizario DomÃ­nguez,182,90,92,6,2,4,176,88,88,171,85,86,149,71,78,144,67,77,137,65,72,8,5,3,19,12,7,14,8,6,5,4,1,7,2,5,27,12,15,50,19,9,10,102.22,38,131,13
09,Ciudad de MÃ©xico,009,Milpa Alta,0315,Nuchtla,512,257,255,15,6,9,497,251,246,487,246,241,415,209,206,385,196,189,362,182,180,17,9,8,65,33,32,73,35,38,30,13,17,23,14,9,66,26,40,149,31,17,14,99.22,127,367,18
09,Ciudad de MÃ©xico,009,Milpa Alta,0316,Tehuizco,301,159,142,15,7,8,286,152,134,274,145,129,234,123,111,221,117,104,208,108,100,19,11,8,33,18,15,39,21,18,13,6,7,13,9,4,42,26,16,91,19,11,8,89.31,80,213,8
09,Ciudad de MÃ©xico,009,Milpa Alta,0317,Axayatipac,230,123,107,13,9,4,217,114,103,208,112,96,174,97,77,162,90,72,153,85,68,16,7,9,27,10,17,28,13,15,12,7,5,9,5,4,31,14,17,69,16,10,6,86.99,68,152,10
09,Ciudad de MÃ©xico,009,Milpa Alta,0318,Ayotepec,105,48,57,3,1,2,102,47,55,100,47,53,91,45,46,87,42,45,81,41,40,3,1,2,8,1,7,8,4,4,4,3,1,6,1,5,11,4,7,26,16,9,7,118.75,18,73,14
09,Ciudad de MÃ©xico,009,Milpa Alta,0319,Ochpantenco,66,40,26,2,2,0,64,38,26,59,35,24,52,30,22,47,26,21,47,26,21,6,4,2,6,4,2,7,5,2,5,4,1,0,0,0,10,7,3,21,5,2,3,65,19,43,4
09,Ciudad de MÃ©xico,009,Milpa Alta,0321,La Virgen,13,5,8,1,0,1,12,5,7,11,5,6,10,4,6,10,4,6,9,4,5,1,0,1,1,1,0,1,1,0,0,0,0,1,0,1,0,0,0,3,4,1,3,160,3,7,3
09,Ciudad de MÃ©xico,009,Milpa Alta,0322,Matlahuacaloca,251,137,114,7,3,4,244,134,110,238,129,109,204,113,91,191,107,84,179,102,77,8,7,1,32,14,18,35,17,18,13,6,7,12,5,7,32,19,13,80,17,9,8,83.21,60,179,12
09,Ciudad de MÃ©xico,009,Milpa Alta,0323,Tula (Huixtotlazintla),129,64,65,4,2,2,125,62,63,122,60,62,100,48,52,95,46,49,83,44,39,4,3,1,21,11,10,17,8,9,5,2,3,12,2,10,11,6,5,33,13,7,6,101.56,34,83,12
09,Ciudad de MÃ©xico,009,Milpa Alta,0326,Tlatlapantunco,17,10,7,1,1,0,16,9,7,14,8,6,12,6,6,12,6,6,12,6,6,3,2,1,1,1,0,1,1,0,0,0,0,0,0,0,2,1,1,5,0,0,0,70,5,12,0
09,Ciudad de MÃ©xico,009,Milpa Alta,0328,San AgustÃ­n,72,38,34,0,0,0,72,38,34,68,34,34,54,26,28,51,26,25,43,22,21,7,5,2,11,7,4,10,4,6,3,0,3,8,4,4,6,3,3,23,3,1,2,89.47,21,48,3
09,Ciudad de MÃ©xico,009,Milpa Alta,0332,Los Angeles,29,17,12,5,4,1,24,13,11,24,13,11,19,9,10,19,9,10,19,9,10,1,1,0,4,3,1,4,3,1,0,0,0,0,0,0,3,2,1,6,3,1,2,70.59,10,19,0
09,Ciudad de MÃ©xico,009,Milpa Alta,0333,Tezontlipac (San Lorenzo Tlacoyucan),31,14,17,0,0,0,31,14,17,30,14,16,27,14,13,26,13,13,26,13,13,1,0,1,3,0,3,4,1,3,1,1,0,0,0,0,7,3,4,7,2,2,0,121.43,5,25,1
09,Ciudad de MÃ©xico,009,Milpa Alta,0337,Tlalzonco,41,18,23,3,1,2,38,17,21,36,17,19,29,14,15,28,13,15,25,12,13,3,0,3,6,3,3,7,4,3,1,1,0,3,1,2,7,3,4,12,0,0,0,127.78,13,28,0
09,Ciudad de MÃ©xico,009,Milpa Alta,0338,Temazcaltitla,71,33,38,3,1,2,68,32,36,66,31,35,56,28,28,48,24,24,42,20,22,2,1,1,10,3,7,17,7,10,8,4,4,6,4,2,11,5,6,20,1,1,0,115.15,23,47,1
09,Ciudad de MÃ©xico,009,Milpa Alta,0340,Chautonco,133,68,65,5,2,3,128,66,62,124,62,62,113,57,56,100,49,51,95,46,49,6,5,1,9,4,5,19,10,9,13,8,5,5,3,2,19,9,10,38,12,5,7,95.59,33,89,11
09,Ciudad de MÃ©xico,009,Milpa Alta,0341,Texotitla,20,11,9,0,0,0,20,11,9,19,11,8,13,6,7,12,5,7,12,5,7,2,1,1,5,4,1,3,3,0,1,1,0,0,0,0,4,0,4,5,0,0,0,81.82,8,12,0
09,Ciudad de MÃ©xico,009,Milpa Alta,0342,Coatepec,121,66,55,4,3,1,117,63,54,114,63,51,94,50,44,88,46,42,77,43,34,7,4,3,16,9,7,13,8,5,6,4,2,11,3,8,13,8,5,35,10,6,4,83.33,33,83,5
09,Ciudad de MÃ©xico,009,Milpa Alta,0344,Ocotitla (Barrio de Santa Cruz),74,35,39,3,1,2,71,34,37,70,34,36,59,29,30,53,26,27,50,24,26,2,0,2,10,5,5,14,7,7,6,3,3,3,2,1,7,4,3,18,5,2,3,111.43,21,49,4
09,Ciudad de MÃ©xico,009,Milpa Alta,0345,Teuhtli,46,24,22,1,1,0,45,23,22,41,21,20,31,18,13,29,16,13,26,14,12,6,2,4,8,3,5,6,4,2,2,2,0,3,2,1,5,3,2,14,1,0,1,91.67,17,29,0
09,Ciudad de MÃ©xico,009,Milpa Alta,0347,Xochiatlaco,21,12,9,3,2,1,18,10,8,18,10,8,16,9,7,14,8,6,13,7,6,1,1,0,1,0,1,3,1,2,2,1,1,1,1,0,1,1,0,6,2,1,1,75,7,12,2
09,Ciudad de MÃ©xico,009,Milpa Alta,0348,Huacaltunco,65,36,29,1,0,1,64,36,28,62,34,28,54,31,23,51,30,21,47,30,17,3,3,0,7,2,5,10,3,7,3,1,2,4,0,4,13,9,4,27,4,2,2,80.56,14,49,2
09,Ciudad de MÃ©xico,009,Milpa Alta,0351,Tlahuiztpa,129,63,66,6,5,1,123,58,65,116,55,61,96,46,50,86,44,42,78,43,35,11,5,6,16,7,9,17,3,14,10,2,8,8,1,7,18,9,9,36,7,3,4,104.76,43,80,6
09,Ciudad de MÃ©xico,009,Milpa Alta,0352,Zacacali,76,34,42,8,4,4,68,30,38,66,29,37,58,27,31,55,26,29,52,24,28,4,2,2,6,1,5,7,2,5,3,1,2,3,2,1,9,3,6,19,6,3,3,123.53,21,53,2
09,Ciudad de MÃ©xico,009,Milpa Alta,0354,Camino Viejo a Tlaltenamic,87,39,48,3,2,1,84,37,47,84,37,47,62,28,34,54,26,28,50,24,26,2,0,2,20,9,11,22,10,12,8,2,6,4,2,2,4,0,4,19,5,2,3,123.08,33,51,3
09,Ciudad de MÃ©xico,009,Milpa Alta,0355,Joyas del Pedregal,51,27,24,2,2,0,49,25,24,46,24,22,39,21,18,35,18,17,33,16,17,4,2,2,6,2,4,10,5,5,4,3,1,2,2,0,7,4,3,14,5,1,4,88.89,16,31,4
09,Ciudad de MÃ©xico,009,Milpa Alta,0356,Los Romero,20,11,9,0,0,0,20,11,9,20,11,9,16,8,8,15,8,7,15,8,7,0,0,0,4,3,1,5,3,2,1,0,1,0,0,0,2,1,1,5,4,1,3,81.82,5,13,2
09,Ciudad de MÃ©xico,009,Milpa Alta,0358,Don Diegoco,29,14,15,1,1,0,28,13,15,28,13,15,24,10,14,23,10,13,21,10,11,0,0,0,4,3,1,4,2,2,1,0,1,2,0,2,7,2,5,7,2,1,1,107.14,6,21,2
09,Ciudad de MÃ©xico,009,Milpa Alta,0359,Apilintitla,51,25,26,0,0,0,51,25,26,50,24,26,45,23,22,42,22,20,38,20,18,2,2,0,4,0,4,6,1,5,3,1,2,4,2,2,10,6,4,19,4,2,2,104,9,39,3
09,Ciudad de MÃ©xico,009,Milpa Alta,0360,Atlahuitonca,98,53,45,3,3,0,95,50,45,92,48,44,85,43,42,79,40,39,75,37,38,3,2,1,7,5,2,7,3,4,6,3,3,4,3,1,19,8,11,35,2,1,1,84.91,19,77,2
09,Ciudad de MÃ©xico,009,Milpa Alta,0361,Xilozuchitl,70,41,29,7,5,2,63,36,27,60,34,26,51,30,21,47,28,19,43,26,17,4,3,1,8,3,5,12,5,7,4,2,2,4,2,2,7,5,2,23,4,3,1,70.73,23,45,2
09,Ciudad de MÃ©xico,009,Milpa Alta,0362,Tenco,13,8,5,1,1,0,12,7,5,11,6,5,9,4,5,8,4,4,8,4,4,1,1,0,2,2,0,2,1,1,1,0,1,0,0,0,1,0,1,3,0,0,0,62.5,5,8,0
09,Ciudad de MÃ©xico,009,Milpa Alta,0363,Xonacatepec,30,18,12,0,0,0,30,18,12,29,18,11,22,14,8,19,11,8,19,11,8,1,0,1,7,4,3,8,6,2,3,3,0,0,0,0,2,2,0,10,1,1,0,66.67,11,18,1
09,Ciudad de MÃ©xico,009,Milpa Alta,0364,Xicalhuacan,43,20,23,3,1,2,40,19,21,39,18,21,33,16,17,31,16,15,29,14,15,2,1,1,5,2,3,6,2,4,2,0,2,2,2,0,3,2,1,11,6,3,3,115,12,26,5
09,Ciudad de MÃ©xico,009,Milpa Alta,0365,Ixotitla,37,17,20,1,0,1,36,17,19,36,17,19,29,12,17,29,12,17,27,12,15,1,0,1,6,5,1,5,4,1,0,0,0,2,0,2,4,2,2,8,3,1,2,117.65,8,26,3
09,Ciudad de MÃ©xico,009,Milpa Alta,0366,Xaltenco,14,7,7,1,1,0,13,6,7,13,6,7,13,6,7,12,6,6,11,6,5,0,0,0,0,0,0,1,0,1,1,0,1,1,0,1,2,1,1,3,2,1,1,100,2,11,1
09,Ciudad de MÃ©xico,009,Milpa Alta,0367,Tlaquexpa,32,19,13,2,1,1,30,18,12,29,18,11,26,16,10,25,15,10,25,15,10,3,1,2,1,1,0,2,2,0,1,1,0,0,0,0,5,4,1,10,2,2,0,68.42,7,23,2
09,Ciudad de MÃ©xico,009,Milpa Alta,0369,Encinos,10,6,4,0,0,0,10,6,4,10,6,4,9,6,3,5,2,3,5,2,3,0,0,0,1,0,1,4,4,0,4,4,0,0,0,0,0,0,0,2,0,0,0,66.67,5,5,0
09,Ciudad de MÃ©xico,009,Milpa Alta,0370,Tehuehuec,18,5,13,0,0,0,18,5,13,17,5,12,17,5,12,15,5,10,13,4,9,1,0,1,0,0,0,2,0,2,2,0,2,2,1,1,4,1,3,5,0,0,0,260,3,15,0
09,Ciudad de MÃ©xico,009,Milpa Alta,0371,Tlalaxco,105,51,54,7,3,4,98,48,50,96,48,48,77,40,37,70,36,34,65,32,33,3,1,2,18,7,11,22,9,13,7,4,3,5,4,1,9,3,6,26,4,2,2,105.88,35,69,1
09,Ciudad de MÃ©xico,009,Milpa Alta,0372,Apetatita,89,46,43,3,3,0,86,43,43,81,38,43,69,33,36,61,33,28,56,30,26,7,6,1,10,4,6,14,3,11,8,0,8,5,3,2,12,5,7,26,6,4,2,93.48,28,57,4
09,Ciudad de MÃ©xico,009,Milpa Alta,0373,Texali,67,34,33,4,1,3,63,33,30,61,32,29,51,25,26,47,22,25,45,20,25,4,3,1,8,5,3,8,6,2,4,3,1,2,2,0,9,4,5,19,3,1,2,97.06,20,45,2
09,Ciudad de MÃ©xico,009,Milpa Alta,0374,Xilutepec,46,19,27,0,0,0,46,19,27,46,19,27,35,17,18,32,16,16,29,15,14,0,0,0,11,2,9,10,3,7,3,1,2,3,1,2,2,2,0,14,3,2,1,142.11,14,31,1
09,Ciudad de MÃ©xico,009,Milpa Alta,0380,Texico,21,10,11,1,1,0,20,9,11,19,9,10,16,7,9,15,6,9,13,6,7,1,0,1,3,2,1,4,3,1,1,1,0,2,0,2,3,1,2,4,4,2,2,110,6,12,3
09,Ciudad de MÃ©xico,009,Milpa Alta,0384,Acopilipan,32,13,19,1,0,1,31,13,18,29,11,18,26,10,16,24,10,14,20,7,13,2,2,0,3,1,2,2,0,2,2,0,2,4,3,1,3,1,2,9,1,0,1,146.15,8,23,1
09,Ciudad de MÃ©xico,009,Milpa Alta,0385,Hueyitlatile,9,5,4,0,0,0,9,5,4,9,5,4,7,3,4,7,3,4,6,2,4,0,0,0,2,2,0,2,2,0,0,0,0,1,1,0,1,0,1,3,2,0,2,80,2,6,1
09,Ciudad de MÃ©xico,009,Milpa Alta,0388,La PurÃ­sima,77,45,32,6,4,2,71,41,30,69,40,29,59,33,26,58,32,26,56,31,25,2,1,1,10,7,3,7,6,1,1,1,0,2,1,1,8,6,2,24,4,3,1,71.11,19,56,2
09,Ciudad de MÃ©xico,009,Milpa Alta,0389,Atempa,33,11,22,2,0,2,31,11,20,30,10,20,27,10,17,25,8,17,24,8,16,1,1,0,3,0,3,4,2,2,2,2,0,1,0,1,7,1,6,7,2,1,1,200,8,24,1
09,Ciudad de MÃ©xico,009,Milpa Alta,0390,Tlacuitlaya,17,9,8,0,0,0,17,9,8,17,9,8,13,7,6,11,5,6,11,5,6,0,0,0,4,2,2,4,3,1,2,2,0,0,0,0,0,0,0,3,2,1,1,88.89,6,9,2
09,Ciudad de MÃ©xico,009,Milpa Alta,0391,Cruz Tlaltempa,31,18,13,1,1,0,30,17,13,30,17,13,24,14,10,21,12,9,18,10,8,0,0,0,6,3,3,6,3,3,3,2,1,3,2,1,3,2,1,10,5,2,3,72.22,10,18,3
09,Ciudad de MÃ©xico,009,Milpa Alta,0392,Ahuatitla (El Tecorral),83,40,43,3,1,2,80,39,41,78,38,40,67,35,32,63,33,30,57,29,28,2,1,1,11,3,8,14,5,9,4,2,2,6,4,2,10,7,3,27,4,2,2,107.5,20,59,4
09,Ciudad de MÃ©xico,009,Milpa Alta,0395,Cuapetzayuca,17,5,12,0,0,0,17,5,12,15,5,10,15,5,10,15,5,10,15,5,10,2,0,2,0,0,0,0,0,0,0,0,0,0,0,0,0,0,0,2,4,2,2,240,2,14,1
09,Ciudad de MÃ©xico,009,Milpa Alta,0403,Memeyuca,6,3,3,0,0,0,6,3,3,6,3,3,6,3,3,6,3,3,6,3,3,0,0,0,0,0,0,0,0,0,0,0,0,0,0,0,1,0,1,2,2,1,1,100,0,4,2
09,Ciudad de MÃ©xico,009,Milpa Alta,0407,Papalocahuitl,37,18,19,4,0,4,33,18,15,32,17,15,23,9,14,23,9,14,22,9,13,3,2,1,7,7,0,4,4,0,0,0,0,1,0,1,3,0,3,8,1,0,1,105.56,14,23,0
09,Ciudad de MÃ©xico,009,Milpa Alta,0410,Tlaltelpampa,10,6,4,0,0,0,10,6,4,10,6,4,9,6,3,9,6,3,8,5,3,0,0,0,1,0,1,0,0,0,0,0,0,1,1,0,2,2,0,6,0,0,0,66.67,1,9,0
09,Ciudad de MÃ©xico,009,Milpa Alta,0413,Tepecuescotitla (San Antonio),28,15,13,1,1,0,27,14,13,26,14,12,23,12,11,21,12,9,20,12,8,1,0,1,3,2,1,5,2,3,2,0,2,1,0,1,5,2,3,9,5,2,3,86.67,7,18,3
09,Ciudad de MÃ©xico,009,Milpa Alta,0414,La Lupita Tlacotenco,11,5,6,0,0,0,11,5,6,11,5,6,9,4,5,8,3,5,8,3,5,1,0,1,1,1,0,2,2,0,1,1,0,0,0,0,1,0,1,1,3,2,1,120,3,7,1
09,Ciudad de MÃ©xico,009,Milpa Alta,0415,Cristo Rey (Emiliano Zapata),132,70,62,2,1,1,130,69,61,125,66,59,109,56,53,101,53,48,92,47,45,5,3,2,16,10,6,17,8,9,8,3,5,9,6,3,18,8,10,43,8,5,3,88.57,31,95,6
09,Ciudad de MÃ©xico,009,Milpa Alta,9998,Localidades de una vivienda,51,16,35,2,1,1,49,15,34,48,14,34,44,14,30,43,13,30,39,12,27,2,1,1,3,0,3,4,1,3,1,1,0,4,1,3,3,1,2,8,9,3,6,218.75,8,36,7
09,Ciudad de MÃ©xico,009,Milpa Alta,9999,Localidades de dos viviendas,96,47,49,6,2,4,90,45,45,89,44,45,70,36,34,63,33,30,57,30,27,4,3,1,16,6,10,19,7,12,7,3,4,6,3,3,9,3,6,28,5,3,2,104.26,33,58,5
09,Ciudad de MÃ©xico,010,Ãlvaro ObregÃ³n,0001,Ãlvaro ObregÃ³n,759003,398068,360935,21203,10568,10635,736977,387088,349889,719711,378587,341124,652978,345702,307276,622166,330370,291796,590166,314559,275607,26301,12978,13323,57698,28408,29290,69943,34571,35372,30812,15332,15480,32000,15811,16189,82760,41489,41271,208295,122312,69599,52713,90.67,136014,538357,83809
09,Ciudad de MÃ©xico,010,Ãlvaro ObregÃ³n,0213,Ojo de Agua,63,30,33,4,2,2,59,28,31,57,28,29,47,26,21,39,22,17,34,19,15,2,0,2,10,2,8,18,6,12,8,4,4,5,3,2,7,5,2,19,3,1,2,110,24,37,2
09,Ciudad de MÃ©xico,010,Ãlvaro ObregÃ³n,0214,Camino a la Bandera,12,5,7,0,0,0,12,5,7,12,5,7,11,5,6,10,5,5,9,4,5,0,0,0,1,0,1,1,0,1,1,0,1,1,1,0,0,0,0,4,1,1,0,140,2,10,0
09,Ciudad de MÃ©xico,010,Ãlvaro ObregÃ³n,0215,Tiximaloya,3,1,2,0,0,0,3,1,2,3,1,2,3,1,2,3,1,2,3,1,2,0,0,0,0,0,0,0,0,0,0,0,0,0,0,0,0,0,0,0,1,1,0,200,0,3,0
09,Ciudad de MÃ©xico,010,Ãlvaro ObregÃ³n,0216,El ErmitaÃ±o (Paraje el Chipil),47,24,23,6,4,2,41,20,21,38,20,18,37,20,17,35,19,16,31,16,15,3,0,3,1,0,1,3,1,2,2,1,1,4,3,1,9,7,2,17,1,0,1,95.83,12,34,1
09,Ciudad de MÃ©xico,010,Ãlvaro ObregÃ³n,0217,Texcalatlaco,5,2,3,0,0,0,5,2,3,5,2,3,5,2,3,5,2,3,4,1,3,0,0,0,0,0,0,0,0,0,0,0,0,1,1,0,1,0,1,2,0,0,0,150,0,5,0
09,Ciudad de MÃ©xico,011,TlÃ¡huac,0001,TlÃ¡huac,323771,167274,156497,10591,5293,5298,313059,161919,151140,304526,157785,146741,270827,141356,129471,255658,133827,121831,239991,126222,113769,13122,6341,6781,29110,14222,14888,34805,17097,17708,15169,7529,7640,15667,7605,8062,38435,18908,19527,91191,38878,21460,17418,93.56,67992,230764,24894
09,Ciudad de MÃ©xico,011,TlÃ¡huac,0011,San AndrÃ©s Mixquic,13910,7082,6828,517,251,266,13377,6824,6553,13008,6649,6359,11527,5914,5613,10837,5558,5279,10105,5189,4916,586,280,306,1264,630,634,1575,784,791,690,356,334,732,369,363,1661,816,845,3794,1719,933,786,96.41,3057,9678,1159
09,Ciudad de MÃ©xico,011,TlÃ¡huac,0021,San Juan Ixtayopan,28027,14254,13773,987,502,485,27040,13752,13288,26248,13370,12878,23261,11916,11345,21872,11255,10617,20508,10610,9898,1182,593,589,2597,1243,1354,3149,1489,1660,1389,661,728,1364,645,719,3321,1643,1678,7688,3280,1737,1543,96.63,6155,19791,2081
09,Ciudad de MÃ©xico,011,TlÃ¡huac,0024,San NicolÃ¡s Tetelco,4919,2589,2330,189,101,88,4730,2488,2242,4588,2415,2173,3976,2114,1862,3718,1963,1755,3451,1819,1632,218,107,111,536,267,269,603,334,269,258,151,107,267,144,123,531,286,245,1383,531,279,252,90,1201,3398,320
09,Ciudad de MÃ©xico,011,TlÃ¡huac,0026,Santa Catarina Yecahuitzotl,11644,5900,5744,416,191,225,11220,5705,5515,10882,5535,5347,9571,4887,4684,8926,4574,4352,8295,4286,4009,522,265,257,1127,553,574,1404,671,733,645,313,332,631,288,343,1430,707,723,3217,1277,677,600,97.36,2710,8081,845
09,Ciudad de MÃ©xico,011,TlÃ¡huac,0069,San Miguel,221,108,113,11,7,4,210,101,109,204,100,104,184,86,98,167,83,84,159,81,78,6,1,5,20,14,6,31,13,18,17,3,14,8,2,6,33,19,14,61,12,8,4,104.63,54,163,4
09,Ciudad de MÃ©xico,011,TlÃ¡huac,0071,Tabla los Pozos,301,143,158,10,7,3,291,136,155,279,131,148,244,120,124,226,112,114,200,98,102,19,6,13,28,10,18,37,15,22,18,8,10,26,14,12,34,15,19,90,14,6,8,110.49,75,217,9
09,Ciudad de MÃ©xico,011,TlÃ¡huac,0072,Mesita del CapulÃ­n,125,54,71,6,0,6,119,54,65,116,53,63,96,42,54,89,39,50,87,37,50,5,3,2,18,9,9,25,12,13,7,3,4,2,2,0,19,6,13,30,4,2,2,131.48,36,88,1
09,Ciudad de MÃ©xico,011,TlÃ¡huac,0076,Ojo de Agua,118,59,59,12,7,5,106,52,54,103,50,53,79,41,38,68,36,32,60,31,29,8,5,3,19,6,13,24,9,15,11,5,6,8,5,3,14,7,7,34,1,1,0,100,50,67,1
09,Ciudad de MÃ©xico,011,TlÃ¡huac,0081,San Miguel (Chinampas),65,31,34,4,2,2,61,29,32,60,29,31,52,26,26,52,26,26,49,24,25,2,0,2,7,3,4,4,1,3,0,0,0,3,2,1,12,4,8,22,1,0,1,109.68,13,52,0
09,Ciudad de MÃ©xico,011,TlÃ¡huac,0086,Xila,103,54,49,8,4,4,95,50,45,90,46,44,77,41,36,73,39,34,65,34,31,6,5,1,12,4,8,13,4,9,4,2,2,8,5,3,20,12,8,36,3,1,2,90.74,30,73,0
09,Ciudad de MÃ©xico,011,TlÃ¡huac,0087,Axolocalco (ProlongaciÃ³n Santa Cruz),90,44,46,2,1,1,88,43,45,85,42,43,71,38,33,66,34,32,62,33,29,4,1,3,13,4,9,12,5,7,5,4,1,4,1,3,9,5,4,24,11,6,5,104.55,24,58,8
09,Ciudad de MÃ©xico,011,TlÃ¡huac,0089,El Tetecon (El Solitario),16,11,5,0,0,0,16,11,5,16,11,5,15,11,4,15,11,4,13,10,3,0,0,0,1,0,1,0,0,0,0,0,0,2,1,1,0,0,0,8,2,2,0,45.45,1,14,1
09,Ciudad de MÃ©xico,011,TlÃ¡huac,0094,Chinampa San Juan,18,10,8,1,1,0,17,9,8,16,9,7,12,7,5,11,6,5,11,6,5,1,0,1,4,2,2,5,3,2,1,1,0,0,0,0,0,0,0,5,2,1,1,80,7,9,2
09,Ciudad de MÃ©xico,011,TlÃ¡huac,0103,Paraje Xometitla,145,75,70,5,2,3,140,73,67,134,71,63,107,56,51,101,53,48,97,52,45,10,3,7,23,14,9,26,16,10,6,3,3,4,1,3,16,10,6,40,8,5,3,93.33,44,97,4
09,Ciudad de MÃ©xico,011,TlÃ¡huac,0104,San Ignacio de Loyola,856,449,407,45,23,22,811,426,385,791,415,376,675,355,320,630,329,301,577,296,281,35,20,15,101,51,50,114,64,50,45,26,19,53,33,20,130,65,65,265,50,26,24,90.65,226,596,34
09,Ciudad de MÃ©xico,011,TlÃ¡huac,0108,Paraje Ayecac,81,34,47,3,1,2,78,33,45,78,33,45,59,26,33,55,26,29,48,22,26,3,0,3,16,7,9,14,4,10,4,0,4,7,4,3,9,3,6,20,8,4,4,138.24,26,47,8
09,Ciudad de MÃ©xico,011,TlÃ¡huac,0110,La CiÃ©nega,3050,1560,1490,182,98,84,2868,1462,1406,2751,1395,1356,2276,1148,1128,2081,1049,1032,1915,974,941,171,97,74,421,217,204,479,247,232,195,99,96,166,75,91,397,208,189,885,136,63,73,95.51,969,2005,76
09,Ciudad de MÃ©xico,011,TlÃ¡huac,0111,Chinampas Tetelco,24,13,11,1,1,0,23,12,11,23,12,11,20,11,9,20,11,9,19,10,9,0,0,0,3,1,2,3,1,2,0,0,0,1,1,0,4,2,2,8,1,0,1,84.62,4,19,1
09,Ciudad de MÃ©xico,011,TlÃ¡huac,0113,Lomas de XocotlÃ¡n,238,125,113,11,4,7,227,121,106,223,119,104,188,101,87,168,94,74,155,85,70,8,5,3,31,15,16,43,18,25,20,7,13,13,9,4,31,16,15,71,8,6,2,90.4,70,162,6
09,Ciudad de MÃ©xico,011,TlÃ¡huac,0119,Tierra Blanca Parte Alta,178,91,87,11,7,4,167,84,83,164,81,83,136,65,71,125,63,62,113,60,53,5,4,1,26,15,11,28,12,16,11,2,9,12,3,9,27,14,13,49,9,6,3,95.6,53,120,5
09,Ciudad de MÃ©xico,011,TlÃ¡huac,0126,Camino a Tlaltenco,71,30,41,0,0,0,71,30,41,69,29,40,54,24,30,49,21,28,39,18,21,3,1,2,14,5,9,14,5,9,5,3,2,10,3,7,8,3,5,18,3,1,2,136.67,22,49,0
09,Ciudad de MÃ©xico,011,TlÃ¡huac,0128,ProlongaciÃ³n PeÃ±a Alta,101,62,39,2,2,0,99,60,39,95,56,39,83,48,35,73,41,32,62,36,26,5,4,1,11,8,3,19,14,5,10,7,3,11,5,6,9,6,3,35,4,1,3,62.9,28,70,3
09,Ciudad de MÃ©xico,011,TlÃ¡huac,0129,Rancho los Pollitos,23,13,10,1,1,0,22,12,10,21,12,9,20,11,9,19,10,9,19,10,9,1,0,1,1,1,0,2,2,0,1,1,0,0,0,0,4,3,1,7,3,2,1,76.92,4,18,1
09,Ciudad de MÃ©xico,011,TlÃ¡huac,0133,Ejido de San Juan Ixtayopan,20,10,10,0,0,0,20,10,10,20,10,10,16,9,7,15,8,7,12,6,6,0,0,0,4,1,3,4,2,2,1,1,0,3,2,1,2,1,1,7,2,1,1,100,5,14,1
09,Ciudad de MÃ©xico,011,TlÃ¡huac,0134,Tabla Telocuatitla,34,15,19,3,1,2,31,14,17,30,13,17,26,11,15,24,10,14,24,10,14,2,1,1,3,2,1,4,2,2,2,1,1,0,0,0,4,1,3,6,3,1,2,126.67,10,21,3
09,Ciudad de MÃ©xico,011,TlÃ¡huac,0136,El Pato,359,189,170,12,9,3,347,180,167,332,174,158,274,145,129,252,132,120,236,122,114,22,9,13,51,26,25,58,29,29,22,13,9,16,10,6,41,19,22,104,26,11,15,89.95,107,235,17
09,Ciudad de MÃ©xico,011,TlÃ¡huac,0137,Ejido de TlÃ¡huac,77,33,44,5,0,5,72,33,39,70,32,38,62,26,36,55,22,33,54,22,32,4,3,1,6,4,2,10,6,4,7,4,3,1,0,1,10,6,4,15,5,2,3,133.33,22,54,1
09,Ciudad de MÃ©xico,011,TlÃ¡huac,0140,El ParaÃ­so (Mecoxtla),1436,703,733,57,23,34,1379,680,699,1329,655,674,1101,556,545,1019,521,498,924,473,451,77,33,44,201,91,110,225,101,124,82,35,47,95,48,47,195,93,102,429,58,30,28,104.27,417,990,29
09,Ciudad de MÃ©xico,011,TlÃ¡huac,0141,Colonia los 500 metros,405,185,220,12,6,6,393,179,214,384,176,208,338,156,182,310,141,169,282,131,151,13,5,8,42,18,24,59,28,31,28,15,13,28,10,18,53,22,31,106,34,19,15,118.92,95,288,22
09,Ciudad de MÃ©xico,011,TlÃ¡huac,0142,AmpliaciÃ³n San Miguel,276,134,142,16,7,9,260,127,133,250,121,129,214,109,105,197,98,99,187,93,94,17,6,11,29,12,17,35,19,16,17,11,6,10,5,5,42,21,21,85,17,7,10,105.97,79,186,11
09,Ciudad de MÃ©xico,011,TlÃ¡huac,0145,Xalpa (LÃ³pez Portillo),240,125,115,22,14,8,218,111,107,207,107,100,175,94,81,160,86,74,149,81,68,16,7,9,27,10,17,33,16,17,15,8,7,11,5,6,37,19,18,71,11,7,4,92,80,155,5
09,Ciudad de MÃ©xico,011,TlÃ¡huac,0146,PiÃ±Ã³n,54,28,26,2,2,0,52,26,26,51,25,26,44,22,22,43,22,21,39,20,19,1,1,0,7,3,4,6,2,4,1,0,1,4,2,2,7,3,4,16,2,2,0,92.86,11,41,2
09,Ciudad de MÃ©xico,011,TlÃ¡huac,0148,Puertantitla (Camino al Cerro),275,137,138,11,6,5,264,131,133,254,126,128,218,109,109,206,102,104,192,94,98,15,7,8,31,15,16,28,14,14,12,7,5,14,8,6,40,18,22,78,18,8,10,100.73,69,195,11
09,Ciudad de MÃ©xico,011,TlÃ¡huac,0149,ProlongaciÃ³n el Rosario,152,81,71,11,6,5,141,75,66,138,74,64,110,59,51,100,50,50,95,47,48,5,2,3,26,14,12,26,15,11,10,9,1,5,3,2,15,7,8,37,11,5,6,87.65,52,93,7
09,Ciudad de MÃ©xico,011,TlÃ¡huac,0150,La Nopalera,26,13,13,2,0,2,24,13,11,23,12,11,22,12,10,22,12,10,20,10,10,1,1,0,1,0,1,1,0,1,0,0,0,2,2,0,4,3,1,8,2,1,1,100,4,21,1
09,Ciudad de MÃ©xico,011,TlÃ¡huac,0152,Bugambilias,13,3,10,0,0,0,13,3,10,13,3,10,12,3,9,10,2,8,8,2,6,0,0,0,1,0,1,3,1,2,2,1,1,2,0,2,2,0,2,2,3,0,3,333.33,3,7,3
09,Ciudad de MÃ©xico,011,TlÃ¡huac,0153,Tezontitla,25,12,13,0,0,0,25,12,13,24,12,12,22,10,12,20,8,12,19,8,11,1,0,1,2,2,0,4,4,0,2,2,0,1,0,1,5,1,4,5,3,1,2,108.33,5,18,2
09,Ciudad de MÃ©xico,011,TlÃ¡huac,0154,Xalatlayco,145,67,78,9,3,6,136,64,72,133,62,71,115,54,61,108,51,57,98,45,53,5,3,2,16,7,9,20,7,13,7,3,4,10,6,4,14,6,8,39,13,6,7,116.42,37,97,11
09,Ciudad de MÃ©xico,011,TlÃ¡huac,0155,El CapulÃ­n,30,16,14,1,1,0,29,15,14,29,15,14,26,13,13,24,11,13,22,10,12,0,0,0,3,2,1,4,4,0,2,2,0,2,1,1,7,2,5,10,0,0,0,87.5,6,24,0
09,Ciudad de MÃ©xico,011,TlÃ¡huac,0156,Las Palmas,13,7,6,1,1,0,12,6,6,12,6,6,8,4,4,8,4,4,7,3,4,1,1,0,3,1,2,3,1,2,0,0,0,1,1,0,3,1,2,4,0,0,0,85.71,5,8,0
09,Ciudad de MÃ©xico,011,TlÃ¡huac,0159,Apoyautla (Cerro de Guadalupe),263,120,143,12,6,6,251,114,137,241,110,131,206,99,107,183,85,98,168,81,87,15,5,10,30,10,20,42,22,20,23,14,9,15,4,11,42,19,23,72,8,3,5,119.17,80,179,4
09,Ciudad de MÃ©xico,011,TlÃ¡huac,0160,Las Nieves (Almoloya),124,56,68,6,2,4,118,54,64,116,54,62,97,44,53,88,40,48,84,39,45,7,2,5,14,8,6,20,10,10,9,4,5,4,1,3,19,5,14,28,5,2,3,121.43,36,83,5
09,Ciudad de MÃ©xico,011,TlÃ¡huac,0161,La Cruz,31,12,19,4,2,2,27,10,17,25,9,16,22,8,14,22,8,14,20,8,12,2,1,1,3,1,2,2,1,1,0,0,0,2,0,2,3,1,2,7,1,0,1,158.33,9,21,1
09,Ciudad de MÃ©xico,011,TlÃ¡huac,0162,Mixtlaplan,90,39,51,6,2,4,84,37,47,80,33,47,71,28,43,63,25,38,54,22,32,5,5,0,8,4,4,13,5,8,8,3,5,9,3,6,13,3,10,20,3,1,2,130.77,27,61,2
09,Ciudad de MÃ©xico,011,TlÃ¡huac,0163,El Llano,70,41,29,0,0,0,70,41,29,69,41,28,58,35,23,50,30,20,45,27,18,2,1,1,10,5,5,15,8,7,8,5,3,5,3,2,3,3,0,23,2,1,1,70.73,20,50,0
09,Ciudad de MÃ©xico,011,TlÃ¡huac,9998,Localidades de una vivienda,14,7,7,1,1,0,13,6,7,13,6,7,12,5,7,10,4,6,10,4,6,1,1,0,0,0,0,2,1,1,2,1,1,0,0,0,2,1,1,3,1,0,1,100,4,9,1
09,Ciudad de MÃ©xico,011,TlÃ¡huac,9999,Localidades de dos viviendas,46,25,21,0,0,0,46,25,21,40,21,19,31,16,15,29,14,15,28,14,14,6,4,2,9,5,4,7,5,2,2,2,0,1,0,1,5,4,1,13,3,0,3,84,17,28,1
09,Ciudad de MÃ©xico,012,Tlalpan,0001,Tlalpan,599935,314284,285651,15060,7446,7614,584412,306604,277808,571481,300245,271236,519076,274458,244618,494840,262426,232414,469298,249990,219308,19874,9803,10071,45462,22343,23119,55171,27180,27991,24236,12032,12204,25542,12436,13106,67278,33163,34115,164958,99667,56695,42972,90.89,104632,426486,68354
09,Ciudad de MÃ©xico,012,Tlalpan,0019,Parres (El Guarda),3197,1604,1593,137,60,77,3060,1544,1516,2935,1476,1459,2538,1293,1245,2378,1217,1161,2222,1140,1082,176,89,87,346,162,184,382,171,211,160,76,84,156,77,79,396,193,203,896,318,157,161,99.31,819,2179,199
09,Ciudad de MÃ©xico,012,Tlalpan,0026,San Miguel Ajusco,37282,19108,18174,1304,637,667,35915,18439,17476,34836,17877,16959,30361,15686,14675,28458,14728,13730,26511,13793,12718,1657,854,803,3897,1899,1998,4578,2238,2340,1903,958,945,1947,935,1012,4566,2251,2315,10499,3778,2021,1757,95.11,8761,26139,2319
09,Ciudad de MÃ©xico,012,Tlalpan,0027,San Miguel Topilejo,41087,20914,20173,1582,752,830,39505,20162,19343,38254,19514,18740,33289,17109,16180,31009,16041,14968,28883,14982,13901,1935,1001,934,4281,2052,2229,5223,2502,2721,2280,1068,1212,2126,1059,1067,5215,2553,2662,11668,3790,2063,1727,96.46,10078,28602,2407
09,Ciudad de MÃ©xico,012,Tlalpan,0105,Apapaxtles,67,31,36,5,2,3,62,29,33,56,25,31,48,23,25,45,22,23,42,21,21,6,4,2,8,2,6,8,3,5,3,1,2,3,1,2,8,4,4,18,1,1,0,116.13,22,44,1
09,Ciudad de MÃ©xico,012,Tlalpan,0112,CaÃ±ada del Acueducto,161,78,83,5,2,3,156,76,80,148,71,77,115,57,58,109,54,55,100,51,49,15,8,7,26,11,15,17,8,9,6,3,3,9,3,6,16,11,5,43,9,3,6,106.41,52,103,6
09,Ciudad de MÃ©xico,012,Tlalpan,0114,Cuamino,11,6,5,0,0,0,11,6,5,11,6,5,11,6,5,11,6,5,9,4,5,0,0,0,0,0,0,0,0,0,0,0,0,2,2,0,1,1,0,3,3,1,2,83.33,0,9,2
09,Ciudad de MÃ©xico,012,Tlalpan,0124,HÃ©roes de 1910,571,266,305,19,7,12,552,259,293,535,251,284,471,227,244,440,215,225,418,207,211,31,13,18,50,19,31,69,25,44,31,12,19,22,8,14,59,26,33,152,76,36,40,114.66,131,392,48
09,Ciudad de MÃ©xico,012,Tlalpan,0128,Las RaÃ­ces,25,11,14,2,1,1,23,10,13,23,10,13,22,10,12,19,10,9,17,8,9,0,0,0,1,0,1,3,0,3,3,0,3,2,2,0,5,3,2,9,0,0,0,127.27,6,19,0
09,Ciudad de MÃ©xico,012,Tlalpan,0130,KilÃ³metro 36.5 (El Crucero),69,38,31,5,4,1,64,34,30,60,33,27,47,28,19,45,28,17,40,24,16,6,2,4,11,4,7,7,1,6,2,0,2,5,4,1,13,7,6,25,1,0,1,81.58,24,45,0
09,Ciudad de MÃ©xico,012,Tlalpan,0131,Las Maravillas (KilÃ³metro 37),45,25,20,0,0,0,45,25,20,42,24,18,35,19,16,33,17,16,29,14,15,4,2,2,6,4,2,7,5,2,2,2,0,4,3,1,6,2,4,16,2,1,1,80,12,31,2
09,Ciudad de MÃ©xico,012,Tlalpan,0132,KilÃ³metro 33.5,7,2,5,0,0,0,7,2,5,7,2,5,7,2,5,7,2,5,7,2,5,0,0,0,0,0,0,0,0,0,0,0,0,0,0,0,0,0,0,0,2,1,1,250,0,6,1
09,Ciudad de MÃ©xico,012,Tlalpan,0135,Lomas de Tepemecatl,4058,2029,2029,200,98,102,3856,1930,1926,3719,1856,1863,3143,1568,1575,2891,1448,1443,2673,1337,1336,221,121,100,492,241,251,577,278,299,252,120,132,218,111,107,502,266,236,1159,231,102,129,100,1165,2766,125
09,Ciudad de MÃ©xico,012,Tlalpan,0144,Piedra Larga,532,260,272,25,11,14,507,249,258,493,244,249,418,205,213,381,183,198,347,164,183,24,11,13,65,33,32,85,45,40,37,22,15,34,19,15,70,29,41,145,34,17,17,104.62,151,359,22
09,Ciudad de MÃ©xico,012,Tlalpan,0159,La Pedrera,92,45,47,1,1,0,91,44,47,90,43,47,75,37,38,69,34,35,62,30,32,2,1,1,14,6,8,13,7,6,6,3,3,7,4,3,8,3,5,27,8,3,5,104.44,23,65,4
09,Ciudad de MÃ©xico,012,Tlalpan,0161,El Pedregal,822,402,420,42,17,25,780,385,395,756,373,383,636,321,315,588,299,289,548,276,272,41,16,25,103,48,55,118,53,65,48,22,26,40,23,17,102,48,54,237,58,25,33,104.48,234,554,34
09,Ciudad de MÃ©xico,012,Tlalpan,0162,El SifÃ³n,103,53,50,10,5,5,93,48,45,91,47,44,77,40,37,72,36,36,66,32,34,2,1,1,14,7,7,16,10,6,5,4,1,6,4,2,16,8,8,32,2,1,1,94.34,31,72,0
09,Ciudad de MÃ©xico,012,Tlalpan,0168,Chalcuitongo (La AsunciÃ³n),1048,522,526,50,31,19,998,491,507,956,471,485,800,387,413,747,358,389,681,333,348,61,32,29,137,72,65,154,83,71,53,29,24,66,25,41,140,69,71,288,51,24,27,100.77,301,710,37
09,Ciudad de MÃ©xico,012,Tlalpan,0175,Siete Ocotes,35,17,18,3,1,2,32,16,16,32,16,16,31,15,16,29,14,15,28,13,15,0,0,0,1,1,0,3,2,1,2,1,1,1,1,0,5,3,2,11,4,2,2,105.88,6,28,1
09,Ciudad de MÃ©xico,012,Tlalpan,0179,El Charco,759,384,375,30,19,11,729,365,364,702,350,352,617,314,303,569,288,281,536,272,264,39,19,20,73,32,41,96,48,48,48,26,22,33,16,17,111,62,49,227,50,22,28,97.66,190,542,27
09,Ciudad de MÃ©xico,012,Tlalpan,0187,Huinixco,271,137,134,9,5,4,262,132,130,249,129,120,220,114,106,207,109,98,187,95,92,19,6,13,23,12,11,26,11,15,13,5,8,20,14,6,42,19,23,85,13,6,7,97.81,64,204,3
09,Ciudad de MÃ©xico,012,Tlalpan,0198,La Troje,18,9,9,1,0,1,17,9,8,17,9,8,16,8,8,14,6,8,13,6,7,0,0,0,1,1,0,3,3,0,2,2,0,1,0,1,2,0,2,4,4,2,2,100,4,12,2
09,Ciudad de MÃ©xico,012,Tlalpan,0210,El Arenal,65,32,33,2,0,2,63,32,31,59,30,29,52,29,23,46,27,19,43,24,19,4,2,2,7,1,6,11,3,8,6,2,4,3,3,0,1,0,1,19,4,2,2,103.13,19,45,1
09,Ciudad de MÃ©xico,012,Tlalpan,0216,Cuanejaque,239,115,124,10,7,3,229,108,121,226,107,119,193,93,100,182,88,94,176,86,90,8,4,4,28,11,17,28,11,17,11,5,6,6,2,4,24,9,15,57,33,15,18,107.83,57,155,27
09,Ciudad de MÃ©xico,012,Tlalpan,0217,El Oyameyo,189,87,102,2,1,1,187,86,101,183,85,98,163,74,89,154,68,86,146,65,81,4,1,3,20,11,9,24,16,8,9,6,3,8,3,5,18,7,11,41,31,16,15,117.24,35,130,24
09,Ciudad de MÃ©xico,012,Tlalpan,0218,Parada Oyameyo (KilÃ³metro 31.5),112,55,57,1,1,0,111,54,57,109,52,57,99,48,51,96,46,50,90,44,46,4,3,1,8,3,5,10,5,5,3,2,1,6,2,4,17,7,10,32,15,6,9,103.64,16,88,8
09,Ciudad de MÃ©xico,012,Tlalpan,0220,La Campana,20,11,9,1,1,0,19,10,9,19,10,9,15,9,6,13,8,5,13,8,5,1,1,0,3,0,3,5,1,4,2,1,1,0,0,0,1,0,1,4,3,1,2,81.82,7,12,1
09,Ciudad de MÃ©xico,012,Tlalpan,0221,La Rufina,50,23,27,0,0,0,50,23,27,48,22,26,42,18,24,41,18,23,38,16,22,2,1,1,6,4,2,6,3,3,1,0,1,3,2,1,7,2,5,14,4,2,2,117.39,9,40,1
09,Ciudad de MÃ©xico,012,Tlalpan,0222,Nopaltitla,669,340,329,30,13,17,639,327,312,609,318,291,542,283,259,500,260,240,472,244,228,39,14,25,58,30,28,78,38,40,42,23,19,28,16,12,90,51,39,204,41,19,22,96.76,169,480,20
09,Ciudad de MÃ©xico,012,Tlalpan,0237,Xomulco (Oyamertonco),36,13,23,0,0,0,36,13,23,35,13,22,32,11,21,30,11,19,30,11,19,1,0,1,3,2,1,3,1,2,2,0,2,0,0,0,9,3,6,7,3,0,3,176.92,6,28,2
09,Ciudad de MÃ©xico,012,Tlalpan,0254,Barranquilla,18,9,9,1,1,0,17,8,9,17,8,9,16,8,8,15,7,8,15,7,8,0,0,0,1,0,1,2,1,1,1,1,0,0,0,0,4,3,1,5,3,2,1,100,3,13,2
09,Ciudad de MÃ©xico,012,Tlalpan,0269,Temaxcatitla (KilÃ³metro 32.2),65,25,40,1,1,0,64,24,40,63,24,39,58,23,35,55,22,33,55,22,33,2,1,1,4,0,4,6,1,5,3,1,2,0,0,0,8,3,5,12,8,4,4,160,10,51,4
09,Ciudad de MÃ©xico,012,Tlalpan,0272,Colonia Ocotla,121,59,62,4,2,2,117,57,60,108,51,57,100,48,52,88,41,47,82,36,46,10,7,3,7,2,5,16,8,8,12,7,5,6,5,1,15,6,9,32,13,5,8,105.08,33,83,5
09,Ciudad de MÃ©xico,012,Tlalpan,0275,KilÃ³metro 29.5,44,24,20,0,0,0,44,24,20,44,24,20,38,22,16,38,22,16,33,18,15,0,0,0,6,2,4,6,2,4,0,0,0,5,4,1,4,3,1,19,2,0,2,83.33,6,37,1
09,Ciudad de MÃ©xico,012,Tlalpan,0276,Lomas del CapulÃ­n (KilÃ³metro 30),529,271,258,21,13,8,508,258,250,488,250,238,417,218,199,394,202,192,367,186,181,27,11,16,64,29,35,66,36,30,23,16,7,27,16,11,73,39,34,161,27,17,10,95.2,135,374,20
09,Ciudad de MÃ©xico,012,Tlalpan,0277,Tlatepancaltitla (KilÃ³metro 30.5),55,33,22,0,0,0,55,33,22,53,32,21,46,27,19,42,25,17,41,25,16,3,2,1,6,4,2,7,5,2,4,2,2,1,0,1,6,4,2,17,6,4,2,66.67,13,39,3
09,Ciudad de MÃ©xico,012,Tlalpan,0280,Tlalalpuente,21,10,11,1,1,0,20,9,11,19,9,10,19,9,10,16,7,9,13,6,7,1,0,1,0,0,0,3,2,1,3,2,1,3,1,2,1,0,1,5,6,2,4,110,5,12,4
09,Ciudad de MÃ©xico,012,Tlalpan,0282,Ocotla Chico,943,485,458,36,16,20,907,469,438,878,457,421,730,383,347,671,353,318,618,331,287,52,22,30,125,64,61,144,71,73,59,30,29,53,22,31,105,59,46,268,66,40,26,94.43,272,634,37
09,Ciudad de MÃ©xico,012,Tlalpan,0283,Paraje Atonco,31,14,17,1,0,1,30,14,16,30,14,16,25,12,13,22,11,11,17,8,9,0,0,0,5,2,3,7,3,4,3,1,2,5,3,2,3,1,2,9,1,1,0,121.43,9,22,0
09,Ciudad de MÃ©xico,012,Tlalpan,0290,La Herradura,793,389,404,34,11,23,759,378,381,734,364,370,624,313,311,581,292,289,531,268,263,43,20,23,92,45,47,101,44,57,43,21,22,50,24,26,105,46,59,230,49,28,21,103.86,212,555,26
09,Ciudad de MÃ©xico,012,Tlalpan,0291,Carretera al Ajusco,49,25,24,3,3,0,46,22,24,45,22,23,40,18,22,39,18,21,37,17,20,1,0,1,5,4,1,5,3,2,1,0,1,2,1,1,7,3,4,12,5,3,2,96,10,36,3
09,Ciudad de MÃ©xico,012,Tlalpan,0295,Chahualixcantitla,16,9,7,0,0,0,16,9,7,16,9,7,14,7,7,12,5,7,9,4,5,1,1,0,1,1,0,2,2,0,2,2,0,3,1,2,0,0,0,4,1,1,0,77.78,4,12,0
09,Ciudad de MÃ©xico,012,Tlalpan,0296,Lomas de San JosÃ©,69,32,37,2,1,1,67,31,36,65,29,36,52,24,28,49,23,26,44,19,25,4,2,2,11,5,6,11,4,7,3,1,2,5,4,1,7,2,5,19,8,2,6,115.63,20,45,4
09,Ciudad de MÃ©xico,012,Tlalpan,0300,Colonia San Juan,219,99,120,7,3,4,212,96,116,204,91,113,162,79,83,154,73,81,146,69,77,16,8,8,34,9,25,28,9,19,8,6,2,8,4,4,26,8,18,54,16,9,7,121.21,65,143,11
09,Ciudad de MÃ©xico,012,Tlalpan,0301,Colonia Aguayoto,325,156,169,7,4,3,318,152,166,313,151,162,272,130,142,252,122,130,236,115,121,12,5,7,34,17,17,43,20,23,20,8,12,16,7,9,27,15,12,90,28,15,13,108.33,73,236,16
09,Ciudad de MÃ©xico,012,Tlalpan,0302,Los Encinos,96,41,55,5,1,4,91,40,51,89,39,50,77,35,42,71,33,38,68,31,37,2,1,1,12,4,8,14,4,10,6,2,4,3,2,1,15,7,8,26,8,2,6,134.15,25,67,4
09,Ciudad de MÃ©xico,012,Tlalpan,0310,Camino a la Venta,51,25,26,5,4,1,46,21,25,44,20,24,35,16,19,32,15,17,28,13,15,4,2,2,7,3,4,8,4,4,3,1,2,4,2,2,7,3,4,15,1,0,1,104,19,31,1
09,Ciudad de MÃ©xico,012,Tlalpan,0311,La Monera,15,6,9,0,0,0,15,6,9,15,6,9,12,5,7,11,5,6,11,5,6,1,0,1,2,1,1,2,0,2,1,0,1,0,0,0,1,0,1,3,1,0,1,150,4,11,0
09,Ciudad de MÃ©xico,012,Tlalpan,0317,El Tianguillo,5,2,3,0,0,0,5,2,3,5,2,3,5,2,3,5,2,3,4,1,3,0,0,0,0,0,0,0,0,0,0,0,0,1,1,0,0,0,0,2,1,0,1,150,0,4,1
09,Ciudad de MÃ©xico,012,Tlalpan,0319,Popotenco,20,11,9,0,0,0,20,11,9,18,10,8,18,10,8,18,10,8,17,10,7,2,1,1,0,0,0,0,0,0,0,0,0,1,0,1,2,1,1,5,4,3,1,81.82,2,16,2
09,Ciudad de MÃ©xico,012,Tlalpan,0325,Planta Abasolo,93,51,42,3,2,1,90,49,41,87,47,40,67,38,29,63,36,27,58,32,26,8,4,4,15,7,8,11,5,6,4,2,2,5,4,1,10,6,4,29,5,2,3,82.35,30,62,1
09,Ciudad de MÃ©xico,012,Tlalpan,0326,Cuauhtenco,10,6,4,0,0,0,10,6,4,10,6,4,9,5,4,9,5,4,8,5,3,0,0,0,1,1,0,1,1,0,0,0,0,1,0,1,1,1,0,4,0,0,0,66.67,1,9,0
09,Ciudad de MÃ©xico,012,Tlalpan,0328,Ejidos de San AndrÃ©s Totoltepec,384,189,195,12,6,6,372,183,189,362,176,186,319,156,163,287,140,147,268,128,140,17,10,7,36,17,19,54,26,28,32,16,16,19,12,7,47,21,26,106,37,15,22,103.17,97,262,25
09,Ciudad de MÃ©xico,012,Tlalpan,0333,ProlongaciÃ³n Acueducto,20,10,10,1,1,0,19,9,10,19,9,10,18,9,9,17,8,9,14,7,7,0,0,0,1,0,1,2,1,1,1,1,0,3,1,2,2,2,0,6,2,0,2,100,3,15,2
09,Ciudad de MÃ©xico,012,Tlalpan,0339,El Oyamel,7,4,3,0,0,0,7,4,3,7,4,3,7,4,3,7,4,3,6,3,3,0,0,0,0,0,0,0,0,0,0,0,0,1,1,0,2,1,1,3,1,0,1,75,0,6,1
09,Ciudad de MÃ©xico,012,Tlalpan,0342,Rancho Matamoros,10,4,6,0,0,0,10,4,6,10,4,6,9,3,6,9,3,6,9,3,6,0,0,0,1,1,0,1,1,0,0,0,0,0,0,0,3,1,2,3,0,0,0,150,1,9,0
09,Ciudad de MÃ©xico,012,Tlalpan,0346,Tepehuaxotla (ProlongaciÃ³n PirÃ¡mide),156,85,71,8,4,4,148,81,67,141,78,63,126,69,57,116,62,54,107,55,52,9,3,6,13,9,4,17,10,7,10,7,3,9,7,2,30,15,15,49,11,2,9,83.53,40,109,7
09,Ciudad de MÃ©xico,012,Tlalpan,0350,Los Tlapancos,108,47,61,3,0,3,105,47,58,100,46,54,88,39,49,82,36,46,72,34,38,5,1,4,12,7,5,14,7,7,6,3,3,10,2,8,21,11,10,32,5,1,4,129.79,26,78,4
09,Ciudad de MÃ©xico,012,Tlalpan,0351,Carretera al Ajusco II,128,65,63,6,3,3,122,62,60,119,60,59,107,52,55,96,48,48,87,45,42,5,3,2,10,7,3,17,7,10,11,4,7,9,3,6,18,8,10,37,12,6,6,96.92,32,88,8
09,Ciudad de MÃ©xico,012,Tlalpan,0354,Acazacatongo,86,44,42,2,1,1,84,43,41,84,43,41,79,40,39,75,39,36,70,35,35,1,0,1,4,3,1,7,3,4,4,1,3,5,4,1,11,8,3,29,10,4,6,95.45,11,67,8
09,Ciudad de MÃ©xico,012,Tlalpan,0355,Acueducto 1ra. SecciÃ³n,35,18,17,0,0,0,35,18,17,35,18,17,31,15,16,30,15,15,27,13,14,0,0,0,4,3,1,4,2,2,1,0,1,3,2,1,2,2,0,11,6,3,3,94.44,5,26,4
09,Ciudad de MÃ©xico,012,Tlalpan,0356,El Campo,8,3,5,0,0,0,8,3,5,8,3,5,8,3,5,8,3,5,7,2,5,0,0,0,0,0,0,0,0,0,0,0,0,1,1,0,3,0,3,2,1,0,1,166.67,0,8,0
09,Ciudad de MÃ©xico,012,Tlalpan,0357,Cuatzontle,34,14,20,2,0,2,32,14,18,30,12,18,26,11,15,20,9,11,16,7,9,3,2,1,3,1,2,8,2,6,6,2,4,4,2,2,3,1,2,8,3,1,2,142.86,14,19,1
09,Ciudad de MÃ©xico,012,Tlalpan,0358,El Arcoiris,190,95,95,4,2,2,186,93,93,179,89,90,160,79,81,148,73,75,132,64,68,10,7,3,16,7,9,22,11,11,12,6,6,16,9,7,27,12,15,56,13,5,8,100,42,141,7
09,Ciudad de MÃ©xico,012,Tlalpan,0359,Tixtapaltongo (Loma de Ahuayoto),6,4,2,0,0,0,6,4,2,5,3,2,5,3,2,5,3,2,4,3,1,1,1,0,0,0,0,0,0,0,0,0,0,1,0,1,1,1,0,2,0,0,0,50,1,5,0
09,Ciudad de MÃ©xico,012,Tlalpan,0360,Rancho Ahuayoto,10,6,4,0,0,0,10,6,4,9,5,4,8,5,3,7,4,3,7,4,3,1,1,0,1,0,1,2,1,1,1,1,0,0,0,0,0,0,0,2,3,2,1,66.67,3,5,2
09,Ciudad de MÃ©xico,012,Tlalpan,0361,Oyametonco,12,7,5,1,1,0,11,6,5,11,6,5,11,6,5,11,6,5,11,6,5,0,0,0,0,0,0,0,0,0,0,0,0,0,0,0,1,1,0,3,3,1,2,71.43,1,10,1
09,Ciudad de MÃ©xico,012,Tlalpan,0373,Ispancolohuia,43,23,20,0,0,0,43,23,20,43,23,20,36,19,17,33,18,15,31,16,15,1,0,1,6,4,2,7,3,4,3,1,2,2,2,0,3,1,2,10,6,3,3,86.96,10,30,3
09,Ciudad de MÃ©xico,012,Tlalpan,0374,Paraje Tlalmenelolpa,89,54,35,2,0,2,87,54,33,84,51,33,77,45,32,72,41,31,70,39,31,5,4,1,5,5,0,8,7,1,5,4,1,2,2,0,13,8,5,30,8,4,4,64.81,17,66,6
09,Ciudad de MÃ©xico,012,Tlalpan,0376,Teteocotla,234,112,122,11,7,4,223,105,118,217,102,115,187,90,97,173,83,90,157,74,83,12,7,5,24,8,16,29,12,17,14,7,7,16,9,7,38,15,23,66,12,3,9,108.93,61,166,7
09,Ciudad de MÃ©xico,012,Tlalpan,0378,Rancho Viejo,43,17,26,5,2,3,38,15,23,38,15,23,29,12,17,27,11,16,26,11,15,1,0,1,8,3,5,9,4,5,2,1,1,1,0,1,6,2,4,7,5,1,4,152.94,16,25,2
09,Ciudad de MÃ©xico,012,Tlalpan,0381,Ololica (Loloigque),126,64,62,5,3,2,121,61,60,108,56,52,85,45,40,80,42,38,73,36,37,16,7,9,20,9,11,17,6,11,5,3,2,7,6,1,15,10,5,35,8,2,6,96.88,46,76,4
09,Ciudad de MÃ©xico,012,Tlalpan,0383,Tepacheras (KilÃ³metro 31),89,42,47,5,4,1,84,38,46,83,37,46,75,32,43,71,31,40,68,30,38,2,2,0,7,4,3,8,3,5,4,1,3,3,1,2,11,3,8,21,8,3,5,111.9,18,66,5
09,Ciudad de MÃ©xico,012,Tlalpan,0390,La Reja,50,22,28,2,1,1,48,21,27,46,20,26,38,17,21,36,15,21,35,15,20,3,1,2,7,3,4,8,4,4,2,2,0,1,0,1,5,3,2,11,7,3,4,127.27,14,34,2
09,Ciudad de MÃ©xico,012,Tlalpan,0391,Popocotla,43,20,23,3,0,3,40,20,20,40,20,20,36,18,18,34,16,18,29,13,16,1,1,0,3,1,2,5,3,2,2,2,0,5,3,2,6,1,5,15,0,0,0,115,9,34,0
09,Ciudad de MÃ©xico,012,Tlalpan,0392,Colonia Cuauhtenco (KilÃ³metro 27),43,19,24,3,2,1,40,17,23,40,17,23,35,17,18,35,17,18,32,16,16,0,0,0,5,0,5,3,0,3,0,0,0,3,1,2,5,3,2,10,8,4,4,126.32,8,27,8
09,Ciudad de MÃ©xico,012,Tlalpan,0393,KilÃ³metro 28 Sur,311,160,151,13,7,6,298,153,145,283,145,138,244,125,119,220,113,107,208,106,102,18,9,9,36,19,17,49,26,23,24,12,12,12,7,5,33,18,15,88,14,8,6,94.38,91,209,11
09,Ciudad de MÃ©xico,012,Tlalpan,0394,Paraje Buenavista,160,80,80,11,6,5,149,74,75,141,70,71,117,58,59,111,53,58,103,51,52,12,6,6,20,10,10,20,14,6,6,5,1,8,2,6,22,13,9,43,5,3,2,100,49,108,3
09,Ciudad de MÃ©xico,012,Tlalpan,0396,Tezontitla,853,429,424,35,14,21,815,414,401,789,402,387,705,360,345,658,328,330,609,304,305,37,19,18,73,35,38,95,52,43,47,32,15,49,24,25,99,41,58,233,81,48,33,98.83,192,614,44
09,Ciudad de MÃ©xico,012,Tlalpan,0399,Piedra Suelta,241,127,114,11,9,2,230,118,112,219,115,104,190,98,92,179,93,86,163,83,80,18,6,12,22,14,8,26,15,11,11,5,6,16,10,6,29,16,13,70,14,9,5,89.76,62,171,8
09,Ciudad de MÃ©xico,012,Tlalpan,0410,La Soledad,10,3,7,0,0,0,10,3,7,10,3,7,10,3,7,10,3,7,10,3,7,0,0,0,0,0,0,0,0,0,0,0,0,0,0,0,2,0,2,1,4,1,3,233.33,0,7,3
09,Ciudad de MÃ©xico,012,Tlalpan,0416,Tlayelpa,106,53,53,2,1,1,104,52,52,101,51,50,85,41,44,77,36,41,69,33,36,4,2,2,15,9,6,19,11,8,8,5,3,8,3,5,17,7,10,32,4,2,2,100,29,74,3
09,Ciudad de MÃ©xico,012,Tlalpan,0418,Cebadillas,54,26,28,3,2,1,51,24,27,48,22,26,40,19,21,38,19,19,34,17,17,4,3,1,7,2,5,5,0,5,2,0,2,4,2,2,9,3,6,16,5,2,3,107.69,16,34,4
09,Ciudad de MÃ©xico,012,Tlalpan,0420,El Salitrillo,40,18,22,2,1,1,38,17,21,37,17,20,35,16,19,33,14,19,28,14,14,1,0,1,2,1,1,3,3,0,2,2,0,5,0,5,8,4,4,11,2,0,2,122.22,7,33,0
09,Ciudad de MÃ©xico,012,Tlalpan,0422,Xoxoctongo,41,20,21,0,0,0,41,20,21,41,20,21,37,19,18,33,17,16,29,15,14,1,0,1,3,1,2,6,3,3,4,2,2,4,2,2,6,1,5,15,1,1,0,105,8,32,1
09,Ciudad de MÃ©xico,012,Tlalpan,0423,La Huerta,24,11,13,2,1,1,22,10,12,22,10,12,19,8,11,16,8,8,14,6,8,1,1,0,2,1,1,4,1,3,3,0,3,2,2,0,1,1,0,8,0,0,0,118.18,8,16,0
09,Ciudad de MÃ©xico,012,Tlalpan,0426,Pedregal del Xitle,35,18,17,1,0,1,34,18,16,33,18,15,26,13,13,24,12,12,22,10,12,1,0,1,7,5,2,7,4,3,2,1,1,2,2,0,1,0,1,10,3,1,2,94.44,11,22,2
09,Ciudad de MÃ©xico,012,Tlalpan,0427,Santa Ana,69,25,44,1,1,0,68,24,44,66,24,42,56,21,35,52,19,33,48,17,31,3,0,3,9,3,6,11,4,7,4,2,2,4,2,2,7,1,6,13,2,1,1,176,17,51,1
09,Ciudad de MÃ©xico,012,Tlalpan,0429,El Resumidero,172,81,91,5,2,3,167,79,88,164,79,85,150,75,75,143,69,74,132,61,71,4,1,3,13,3,10,17,8,9,7,6,1,11,8,3,16,6,10,52,21,11,10,112.35,29,131,12
09,Ciudad de MÃ©xico,012,Tlalpan,0430,Zamora,10,6,4,1,1,0,9,5,4,9,5,4,9,5,4,8,4,4,7,4,3,0,0,0,0,0,0,1,1,0,1,1,0,1,0,1,1,1,0,3,0,0,0,66.67,2,8,0
09,Ciudad de MÃ©xico,012,Tlalpan,0436,Xililimoco,141,84,57,10,8,2,131,76,55,127,72,55,108,61,47,101,56,45,94,51,43,4,4,0,19,11,8,22,15,7,7,5,2,7,5,2,12,9,3,43,13,5,8,67.86,40,97,4
09,Ciudad de MÃ©xico,012,Tlalpan,0438,Ejido de San Miguel Xicalco,19,8,11,2,1,1,17,7,10,17,7,10,13,7,6,13,7,6,13,7,6,0,0,0,4,0,4,2,0,2,0,0,0,0,0,0,2,2,0,5,3,1,2,137.5,6,11,2
09,Ciudad de MÃ©xico,012,Tlalpan,0439,La Joyita,111,56,55,5,1,4,106,55,51,99,52,47,80,41,39,73,37,36,70,35,35,9,4,5,17,10,7,16,10,6,7,4,3,3,2,1,12,7,5,29,6,0,6,98.21,38,71,2
09,Ciudad de MÃ©xico,012,Tlalpan,0440,Ayopa,91,49,42,3,0,3,88,49,39,86,48,38,70,39,31,59,35,24,52,30,22,4,2,2,14,8,6,21,9,12,11,4,7,7,5,2,6,4,2,27,6,4,2,85.71,32,55,4
09,Ciudad de MÃ©xico,012,Tlalpan,9998,Localidades de una vivienda,198,82,116,10,4,6,188,78,110,181,75,106,166,68,98,154,64,90,137,58,79,10,5,5,12,5,7,20,7,13,12,4,8,17,6,11,23,11,12,48,20,6,14,141.46,44,142,12
09,Ciudad de MÃ©xico,012,Tlalpan,9999,Localidades de dos viviendas,125,64,61,2,1,1,123,63,60,123,63,60,108,54,54,104,53,51,101,50,51,2,0,2,13,9,4,15,8,7,4,1,3,3,3,0,13,6,7,31,26,11,15,95.31,21,94,10
09,Ciudad de MÃ©xico,013,Xochimilco,0001,Xochimilco,429481,220393,209088,13256,6562,6694,416016,213725,202291,405296,208393,196903,362861,187561,175300,343395,178048,165347,323487,168269,155218,16402,8077,8325,36753,18087,18666,44257,21641,22616,19466,9513,9953,19908,9779,10129,49696,24658,25038,117212,60013,33209,26804,94.87,85877,303293,40102
09,Ciudad de MÃ©xico,013,Xochimilco,0091,Tepemimilco,156,83,73,1,1,0,155,82,73,153,81,72,129,72,57,119,66,53,112,61,51,6,2,4,20,8,12,24,11,13,10,6,4,7,5,2,21,9,12,48,14,5,9,87.95,37,108,11
09,Ciudad de MÃ©xico,013,Xochimilco,0096,Ixotitla,204,99,105,10,6,4,194,93,101,185,87,98,159,77,82,145,69,76,139,68,71,12,7,5,23,9,14,28,11,17,14,8,6,6,1,5,21,11,10,52,18,8,10,106.06,59,138,7
09,Ciudad de MÃ©xico,013,Xochimilco,0111,Paraje Lila (El Ladrillo),30,18,12,0,0,0,30,18,12,30,18,12,23,14,9,20,12,8,20,12,8,1,1,0,6,3,3,8,4,4,3,2,1,0,0,0,3,1,2,8,3,2,1,66.67,10,17,3
09,Ciudad de MÃ©xico,013,Xochimilco,0113,Zacapa,10,8,2,0,0,0,10,8,2,10,8,2,10,8,2,10,8,2,10,8,2,0,0,0,0,0,0,0,0,0,0,0,0,0,0,0,5,4,1,7,0,0,0,25,0,10,0
09,Ciudad de MÃ©xico,013,Xochimilco,0118,Barrio San Antonio (Cruz Monte),279,128,151,14,5,9,265,123,142,250,118,132,215,102,113,199,94,105,182,87,95,23,7,16,27,14,13,38,19,19,16,8,8,17,7,10,42,22,20,77,19,11,8,117.97,80,187,12
09,Ciudad de MÃ©xico,013,Xochimilco,0134,AmpliaciÃ³n Chalmita,613,320,293,25,12,13,588,308,280,564,297,267,497,256,241,457,237,220,425,221,204,34,16,18,57,36,21,82,45,37,40,19,21,32,16,16,86,40,46,185,51,28,23,91.56,156,422,35
09,Ciudad de MÃ©xico,013,Xochimilco,0136,Tepexomulco,555,282,273,19,11,8,536,271,265,515,261,254,450,225,225,425,211,214,397,196,201,28,17,11,58,29,29,58,31,27,25,14,11,28,15,13,72,33,39,150,40,25,15,96.81,130,401,24
09,Ciudad de MÃ©xico,013,Xochimilco,0137,Tlachiultepec de Ahuayucan (Las Malvinas),270,144,126,5,4,1,265,140,125,257,135,122,213,113,100,194,102,92,176,93,83,12,7,5,40,20,20,47,26,21,19,11,8,18,9,9,33,20,13,78,22,10,12,87.5,76,180,14
09,Ciudad de MÃ©xico,013,Xochimilco,0138,Tepetitla (Tlacoxpan),102,51,51,1,1,0,101,50,51,98,49,49,84,41,43,80,38,42,71,35,36,5,2,3,12,7,5,11,6,5,4,3,1,9,3,6,15,6,9,29,4,2,2,100,22,79,1
09,Ciudad de MÃ©xico,013,Xochimilco,0139,Tlacualleli (El Calvario),91,49,42,3,3,0,88,46,42,82,43,39,64,32,32,59,29,30,53,27,26,9,6,3,15,8,7,11,8,3,5,3,2,6,2,4,12,5,7,22,3,3,0,85.71,32,59,0
09,Ciudad de MÃ©xico,013,Xochimilco,0140,Tlaltepetla (Tehuistitla),148,79,69,4,1,3,144,78,66,141,76,65,121,62,59,111,57,54,101,50,51,4,3,1,19,13,6,21,11,10,10,5,5,10,7,3,18,7,11,43,9,5,4,87.34,37,106,5
09,Ciudad de MÃ©xico,013,Xochimilco,0143,Tlalatlaco,105,48,57,4,3,1,101,45,56,101,45,56,82,39,43,78,37,41,70,34,36,1,1,0,18,5,13,16,6,10,4,2,2,8,3,5,6,3,3,30,9,5,4,118.75,27,73,5
09,Ciudad de MÃ©xico,013,Xochimilco,0146,Tlatzala (Cuayuca),207,102,105,14,9,5,193,93,100,188,91,97,166,80,86,156,75,81,143,69,74,10,2,8,17,11,6,19,12,7,10,5,5,13,6,7,32,15,17,54,19,9,10,102.94,51,144,12
09,Ciudad de MÃ©xico,013,Xochimilco,0151,Tepuente,48,23,25,3,2,1,45,21,24,45,21,24,38,19,19,37,18,19,32,16,16,0,0,0,7,2,5,6,2,4,1,1,0,5,2,3,3,0,3,13,4,3,1,108.7,11,33,4
09,Ciudad de MÃ©xico,013,Xochimilco,0157,Tipipili,709,354,355,42,21,21,667,333,334,643,322,321,547,273,274,513,254,259,473,236,237,36,18,18,84,42,42,99,51,48,34,19,15,40,18,22,110,55,55,195,51,26,25,100.28,196,483,30
09,Ciudad de MÃ©xico,013,Xochimilco,0160,Tochuca (San Salvador),370,169,201,9,2,7,361,167,194,355,163,192,317,147,170,299,143,156,274,134,140,12,5,7,32,15,17,40,15,25,18,4,14,25,9,16,51,20,31,104,27,12,15,118.93,71,277,22
09,Ciudad de MÃ©xico,013,Xochimilco,0162,Pepelaxtla,343,168,175,15,4,11,328,164,164,315,156,159,276,140,136,259,131,128,242,122,120,19,10,9,33,14,19,40,19,21,17,9,8,17,9,8,50,26,24,98,24,14,10,104.17,84,246,13
09,Ciudad de MÃ©xico,013,Xochimilco,0163,Tecacalango,207,106,101,6,3,3,201,103,98,194,98,96,168,82,86,154,77,77,139,70,69,11,9,2,22,12,10,28,12,16,14,5,9,15,7,8,19,9,10,61,14,6,8,95.28,53,144,10
09,Ciudad de MÃ©xico,013,Xochimilco,0164,Tzompole,39,19,20,2,2,0,37,17,20,37,17,20,33,15,18,30,14,16,27,13,14,1,1,0,3,1,2,5,2,3,3,1,2,3,1,2,7,2,5,12,2,2,0,105.26,9,29,1
09,Ciudad de MÃ©xico,013,Xochimilco,0165,Cacalco (Tepextenco),18,8,10,0,0,0,18,8,10,18,8,10,15,5,10,12,3,9,10,3,7,1,1,0,2,2,0,5,4,1,3,2,1,2,0,2,2,0,2,2,0,0,0,125,6,12,0
09,Ciudad de MÃ©xico,013,Xochimilco,0169,Apatlaco,95,47,48,4,1,3,91,46,45,87,45,42,73,39,34,69,36,33,63,32,31,5,2,3,13,5,8,15,8,7,4,3,1,6,4,2,5,1,4,31,5,2,3,102.13,26,66,3
09,Ciudad de MÃ©xico,013,Xochimilco,0172,Paraje de la CiÃ©nega,47,21,26,3,0,3,44,21,23,43,20,23,36,16,20,32,15,17,30,14,16,2,2,0,6,3,3,7,4,3,4,1,3,2,1,1,7,3,4,12,5,2,3,123.81,15,29,3
09,Ciudad de MÃ©xico,013,Xochimilco,0178,Tlapizatil (Puente de Urrutia),176,86,90,4,1,3,172,85,87,163,82,81,130,66,64,119,59,60,112,54,58,16,6,10,26,13,13,31,17,14,11,7,4,7,5,2,13,7,6,41,18,9,9,104.65,57,107,12
09,Ciudad de MÃ©xico,013,Xochimilco,0180,Tepexomulco las Rocas,53,25,28,0,0,0,53,25,28,50,25,25,41,21,20,39,20,19,38,19,19,4,1,3,8,3,5,9,4,5,2,1,1,1,1,0,7,4,3,15,8,5,3,112,14,36,3
09,Ciudad de MÃ©xico,013,Xochimilco,0181,Ocotitla Tepachuxiac,271,127,144,11,7,4,260,120,140,249,114,135,221,105,116,212,100,112,199,95,104,16,9,7,23,6,17,21,7,14,9,5,4,13,5,8,45,23,22,72,17,8,9,113.39,59,201,11
09,Ciudad de MÃ©xico,013,Xochimilco,0184,Atotle,330,172,158,11,6,5,319,166,153,314,163,151,273,146,127,260,141,119,240,132,108,10,5,5,36,15,21,33,14,19,13,5,8,20,9,11,39,16,23,101,27,18,9,91.86,70,239,21
09,Ciudad de MÃ©xico,013,Xochimilco,0185,Los Tejocotes,31,17,14,0,0,0,31,17,14,30,17,13,27,17,10,27,17,10,24,14,10,2,0,2,2,0,2,1,0,1,0,0,0,3,3,0,8,6,2,15,1,1,0,82.35,4,26,1
09,Ciudad de MÃ©xico,013,Xochimilco,0187,Tepepatlaxtle,162,86,76,3,2,1,159,84,75,157,83,74,134,70,64,124,65,59,118,61,57,5,1,4,20,13,7,22,13,9,10,5,5,6,4,2,20,10,10,54,10,5,5,88.37,38,117,7
09,Ciudad de MÃ©xico,013,Xochimilco,0190,Tixculco,42,19,23,1,1,0,41,18,23,41,18,23,37,15,22,36,15,21,34,14,20,0,0,0,4,3,1,4,2,2,1,0,1,2,1,1,8,4,4,12,3,1,2,121.05,6,34,2
09,Ciudad de MÃ©xico,013,Xochimilco,0191,Tecoexcontitla,263,140,123,9,2,7,254,138,116,245,130,115,207,112,95,197,107,90,188,102,86,15,14,1,32,12,20,30,14,16,10,5,5,9,5,4,33,17,16,78,34,15,19,87.86,66,181,16
09,Ciudad de MÃ©xico,013,Xochimilco,0193,El Potrero (Bosques de la Paz),38,20,18,3,1,2,35,19,16,35,19,16,30,16,14,29,16,13,24,11,13,1,0,1,4,3,1,4,3,1,1,0,1,5,5,0,5,1,4,15,0,0,0,90,9,29,0
09,Ciudad de MÃ©xico,013,Xochimilco,0195,Paraje Tepanyecac,58,22,36,1,0,1,57,22,35,56,22,34,49,18,31,45,17,28,40,16,24,1,0,1,7,4,3,11,5,6,4,1,3,5,1,4,10,3,7,13,4,0,4,163.64,13,41,4
09,Ciudad de MÃ©xico,013,Xochimilco,0196,Tepepula,48,21,27,3,3,0,45,18,27,45,18,27,40,17,23,37,16,21,37,16,21,0,0,0,5,1,4,6,2,4,3,1,2,0,0,0,5,3,2,12,7,3,4,128.57,11,34,3
09,Ciudad de MÃ©xico,013,Xochimilco,0197,La Angostura,21,9,12,0,0,0,21,9,12,21,9,12,19,8,11,17,8,9,15,7,8,0,0,0,2,1,1,4,1,3,2,0,2,2,1,1,1,1,0,4,5,3,2,133.33,4,14,3
09,Ciudad de MÃ©xico,013,Xochimilco,0198,Sihuatlixpa,25,13,12,1,0,1,24,13,11,24,13,11,23,13,10,21,12,9,19,11,8,0,0,0,1,0,1,3,1,2,2,1,1,2,1,1,1,1,0,8,3,1,2,92.31,4,18,3
09,Ciudad de MÃ©xico,013,Xochimilco,0201,Cuatixi,53,24,29,4,1,3,49,23,26,48,23,25,43,21,22,42,20,22,37,18,19,1,0,1,5,2,3,5,3,2,1,1,0,5,2,3,7,4,3,15,7,4,3,120.83,11,38,4
09,Ciudad de MÃ©xico,013,Xochimilco,0202,Paraje Zacapa,865,439,426,42,20,22,823,419,404,796,398,398,692,350,342,640,321,319,596,299,297,38,27,11,93,42,51,124,59,65,52,29,23,44,22,22,115,57,58,252,58,31,27,97.04,225,611,29
09,Ciudad de MÃ©xico,013,Xochimilco,0203,Santa Catarina (Piedra Blanca),54,26,28,3,3,0,51,23,28,50,23,27,43,21,22,39,20,19,37,19,18,3,0,3,5,2,3,9,3,6,4,1,3,2,1,1,6,2,4,14,4,3,1,107.69,15,35,4
09,Ciudad de MÃ©xico,013,Xochimilco,0204,Huepaltepec,55,27,28,4,1,3,51,26,25,51,26,25,48,26,22,48,26,22,44,23,21,3,0,3,0,0,0,0,0,0,0,0,0,4,3,1,11,8,3,19,3,2,1,103.7,7,45,3
09,Ciudad de MÃ©xico,013,Xochimilco,0205,Tecuanatla (Arenal Papanco),137,63,74,1,0,1,136,63,73,132,60,72,118,53,65,109,49,60,103,48,55,7,4,3,11,6,5,15,7,8,9,4,5,6,1,5,18,8,10,37,9,5,4,117.46,28,102,7
09,Ciudad de MÃ©xico,013,Xochimilco,0206,Tepepecalachico (Inopilco),19,8,11,1,1,0,18,7,11,17,7,10,16,7,9,15,7,8,14,6,8,1,0,1,1,0,1,2,0,2,1,0,1,1,1,0,1,1,0,3,3,1,2,137.5,4,12,3
09,Ciudad de MÃ©xico,013,Xochimilco,0209,Tepeclite,40,17,23,0,0,0,40,17,23,40,17,23,37,16,21,34,15,19,34,15,19,0,0,0,3,1,2,6,2,4,3,1,2,0,0,0,10,6,4,14,2,0,2,135.29,6,32,2
09,Ciudad de MÃ©xico,013,Xochimilco,0210,Acalipa,29,13,16,1,0,1,28,13,15,28,13,15,26,12,14,26,12,14,21,9,12,0,0,0,2,1,1,0,0,0,0,0,0,5,3,2,5,1,4,10,0,0,0,123.08,3,26,0
09,Ciudad de MÃ©xico,013,Xochimilco,0213,AmpliaciÃ³n Bugambilias (Nauhtecpan),128,64,64,1,0,1,127,64,63,124,63,61,106,54,52,97,51,46,89,46,43,3,1,2,18,9,9,22,11,11,9,3,6,8,5,3,11,8,3,41,9,4,5,100,31,93,4
09,Ciudad de MÃ©xico,013,Xochimilco,0214,Tepeyecac (El Arenal),139,69,70,0,0,0,139,69,70,132,64,68,115,55,60,109,52,57,101,48,53,8,6,2,16,8,8,21,10,11,6,3,3,8,4,4,11,6,5,36,20,8,12,101.45,30,96,13
09,Ciudad de MÃ©xico,013,Xochimilco,0215,Tepexomulco (KilÃ³metro 27.8),12,6,6,1,0,1,11,6,5,11,6,5,10,5,5,9,5,4,9,5,4,0,0,0,1,1,0,1,0,1,1,0,1,0,0,0,0,0,0,2,3,2,1,100,3,8,1
09,Ciudad de MÃ©xico,013,Xochimilco,0218,Ixcuicuilco,43,22,21,1,0,1,42,22,20,40,20,20,31,15,16,31,15,16,31,15,16,2,2,0,9,5,4,6,2,4,0,0,0,0,0,0,5,3,2,11,2,1,1,95.45,12,31,0
09,Ciudad de MÃ©xico,013,Xochimilco,0224,CorralÃ³n PolicÃ­a Federal de Caminos,14,5,9,0,0,0,14,5,9,13,4,9,11,4,7,11,4,7,10,4,6,1,1,0,2,0,2,1,0,1,0,0,0,1,0,1,1,1,0,4,1,0,1,180,3,10,1
09,Ciudad de MÃ©xico,013,Xochimilco,0226,Cocopalcuautla,71,34,37,3,1,2,68,33,35,66,32,34,62,30,32,55,27,28,53,27,26,3,1,2,3,2,1,9,4,5,7,3,4,2,0,2,7,5,2,21,6,3,3,108.82,16,51,4
09,Ciudad de MÃ©xico,013,Xochimilco,0231,Tecanco,355,188,167,18,10,8,337,178,159,325,170,155,284,145,139,255,132,123,241,124,117,17,10,7,36,23,13,55,30,25,29,13,16,14,8,6,49,24,25,100,22,14,8,88.83,100,243,12
09,Ciudad de MÃ©xico,013,Xochimilco,0232,Atlaxco,123,63,60,6,2,4,117,61,56,110,54,56,95,50,45,90,47,43,89,46,43,11,8,3,11,3,8,10,4,6,5,3,2,1,1,0,13,6,7,33,12,5,7,95.24,33,83,7
09,Ciudad de MÃ©xico,013,Xochimilco,0234,Barrio Nochicala,179,97,82,4,2,2,175,95,80,171,92,79,165,88,77,162,85,77,162,85,77,6,4,2,4,3,1,4,4,0,3,3,0,0,0,0,18,8,10,64,21,11,10,84.54,17,151,11
09,Ciudad de MÃ©xico,013,Xochimilco,0236,Camino Real a San Pedro,151,82,69,10,2,8,141,80,61,133,74,59,115,65,50,106,57,49,104,56,48,11,7,4,15,8,7,16,12,4,9,8,1,2,1,1,20,10,10,42,16,9,7,84.15,45,97,9
09,Ciudad de MÃ©xico,013,Xochimilco,0237,El Cedral,28,13,15,0,0,0,28,13,15,27,13,14,25,13,12,20,10,10,17,9,8,1,0,1,2,0,2,7,3,4,5,3,2,3,1,2,2,1,1,6,3,2,1,115.38,8,19,1
09,Ciudad de MÃ©xico,013,Xochimilco,0238,La Espejera,40,17,23,4,1,3,36,16,20,35,16,19,28,14,14,26,12,14,23,10,13,2,1,1,6,1,5,8,3,5,2,2,0,3,2,1,4,1,3,9,2,1,1,135.29,14,24,2
09,Ciudad de MÃ©xico,013,Xochimilco,0239,Ahuatitla (Texcopaxuli),232,108,124,16,8,8,216,100,116,212,98,114,178,86,92,161,79,82,146,72,74,11,5,6,27,9,18,32,13,19,17,7,10,15,7,8,28,13,15,64,12,7,5,114.81,71,152,9
09,Ciudad de MÃ©xico,013,Xochimilco,0242,Atenco (Tlaquilpa),47,21,26,0,0,0,47,21,26,45,19,26,41,19,22,39,19,20,39,19,20,2,2,0,4,0,4,6,0,6,2,0,2,0,0,0,14,8,6,15,4,1,3,123.81,8,36,3
09,Ciudad de MÃ©xico,013,Xochimilco,0243,Naxayopa,227,115,112,14,8,6,213,107,106,202,100,102,170,86,84,163,84,79,151,77,74,14,10,4,29,11,18,23,8,15,7,2,5,12,7,5,28,15,13,62,19,9,10,97.39,64,152,11
09,Ciudad de MÃ©xico,013,Xochimilco,0244,Coapantitla,62,29,33,6,4,2,56,25,31,54,24,30,48,20,28,40,16,24,36,14,22,4,3,1,4,2,2,12,6,6,8,4,4,4,2,2,6,0,6,14,4,2,2,113.79,22,36,4
09,Ciudad de MÃ©xico,013,Xochimilco,0246,Francisco Villa (Tepejoyuca),27,8,19,1,1,0,26,7,19,26,7,19,24,7,17,22,7,15,20,6,14,0,0,0,2,0,2,4,0,4,2,0,2,2,1,1,5,0,5,4,3,1,2,237.5,5,19,3
09,Ciudad de MÃ©xico,013,Xochimilco,0249,Chililico,113,57,56,8,6,2,105,51,54,102,49,53,83,37,46,74,33,41,72,33,39,7,5,2,15,9,6,18,10,8,9,4,5,2,0,2,12,6,6,22,7,4,3,98.25,39,72,2
09,Ciudad de MÃ©xico,013,Xochimilco,0251,Camino al PanteÃ³n (Las Cruces),54,25,29,2,0,2,52,25,27,51,25,26,39,20,19,35,17,18,30,14,16,1,0,1,12,5,7,12,7,5,4,3,1,5,3,2,7,3,4,14,2,0,2,116,19,33,2
09,Ciudad de MÃ©xico,013,Xochimilco,0252,Texopantitla (Chocolines),182,100,82,7,3,4,175,97,78,172,96,76,158,89,69,145,79,66,135,74,61,4,1,3,13,7,6,22,14,8,13,10,3,10,5,5,23,10,13,60,16,11,5,82,37,138,7
09,Ciudad de MÃ©xico,013,Xochimilco,0253,Ilimunxutitla,71,40,31,2,1,1,69,39,30,69,39,30,57,33,24,52,31,21,48,27,21,2,1,1,10,5,5,10,4,6,5,2,3,4,4,0,7,5,2,25,8,4,4,77.5,19,47,5
09,Ciudad de MÃ©xico,013,Xochimilco,0257,Los Pinos (Tecacahuaco),341,160,181,10,4,6,331,156,175,315,148,167,279,132,147,258,123,135,239,116,123,24,13,11,28,11,17,38,15,23,21,9,12,19,7,12,36,17,19,92,28,13,15,113.13,83,242,16
09,Ciudad de MÃ©xico,013,Xochimilco,0258,Temamatla,168,80,88,9,3,6,159,77,82,157,75,82,140,66,74,132,63,69,117,59,58,5,2,3,14,9,5,19,10,9,8,3,5,15,4,11,20,10,10,48,10,5,5,110,36,125,7
09,Ciudad de MÃ©xico,013,Xochimilco,0261,Milahuaytitla,36,17,19,1,0,1,35,17,18,35,17,18,33,16,17,31,16,15,27,13,14,1,0,1,1,1,0,3,1,2,2,0,2,4,3,1,6,3,3,13,3,1,2,111.76,5,29,2
09,Ciudad de MÃ©xico,013,Xochimilco,0262,Nochicala (Pajaritos),44,22,22,2,0,2,42,22,20,40,22,18,38,22,16,37,22,15,37,22,15,2,0,2,2,0,2,3,0,3,1,0,1,0,0,0,3,3,0,16,7,5,2,100,7,34,3
09,Ciudad de MÃ©xico,013,Xochimilco,0263,San Juan Diego (Matlacuaitla),62,39,23,1,1,0,61,38,23,58,37,21,55,34,21,53,33,20,52,32,20,3,1,2,3,3,0,3,2,1,2,1,1,1,1,0,5,3,2,20,9,5,4,58.97,9,46,7
09,Ciudad de MÃ©xico,013,Xochimilco,0264,Paraje Tlahuiteco,25,12,13,0,0,0,25,12,13,24,12,12,17,9,8,14,7,7,13,7,6,3,1,2,5,2,3,7,3,4,3,2,1,1,0,1,0,0,0,5,1,1,0,108.33,11,14,0
09,Ciudad de MÃ©xico,013,Xochimilco,0265,Moyocalco,183,98,85,5,4,1,178,94,84,172,89,83,155,83,72,142,77,65,130,69,61,10,7,3,13,4,9,23,9,14,13,6,7,12,8,4,23,12,11,62,13,6,7,86.73,41,133,9
09,Ciudad de MÃ©xico,013,Xochimilco,0266,Cuahuticultitla,135,71,64,5,4,1,130,67,63,126,66,60,105,54,51,99,51,48,92,48,44,9,5,4,16,8,8,14,7,7,6,3,3,7,3,4,23,15,8,43,4,2,2,90.14,36,97,2
09,Ciudad de MÃ©xico,013,Xochimilco,0267,Tizilingo,225,106,119,6,2,4,219,104,115,213,102,111,173,83,90,158,78,80,142,71,71,11,6,5,35,15,20,39,14,25,15,5,10,16,7,9,34,14,20,70,12,6,6,112.26,67,153,5
09,Ciudad de MÃ©xico,013,Xochimilco,0269,Bosques de la Paz,201,103,98,7,2,5,194,101,93,188,97,91,156,83,73,142,74,68,132,71,61,9,4,5,29,14,15,32,18,14,14,9,5,10,3,7,29,16,13,63,8,4,4,95.15,59,136,6
09,Ciudad de MÃ©xico,013,Xochimilco,0270,Contlalco,78,46,32,3,3,0,75,43,32,72,40,32,64,36,28,56,32,24,55,31,24,5,4,1,6,3,3,12,6,6,8,4,4,1,1,0,9,7,2,25,4,1,3,69.57,22,55,1
09,Ciudad de MÃ©xico,013,Xochimilco,0271,Tlalmelaca,116,49,67,4,2,2,112,47,65,105,44,61,85,38,47,76,36,40,67,32,35,12,5,7,15,4,11,19,5,14,9,2,7,9,4,5,22,8,14,34,4,1,3,136.73,40,75,1
09,Ciudad de MÃ©xico,013,Xochimilco,0273,Zacazontlipac,575,292,283,23,9,14,552,283,269,534,272,262,485,252,233,453,232,221,419,212,207,19,12,7,48,19,29,61,33,28,32,20,12,34,20,14,90,42,48,170,36,22,14,96.92,122,429,24
09,Ciudad de MÃ©xico,013,Xochimilco,0274,Tepetlatzinco,12,4,8,0,0,0,12,4,8,12,4,8,12,4,8,11,4,7,10,4,6,0,0,0,0,0,0,1,0,1,1,0,1,1,0,1,1,0,1,1,3,1,2,200,1,8,3
09,Ciudad de MÃ©xico,013,Xochimilco,0275,El CorazÃ³n,42,18,24,1,0,1,41,18,23,39,17,22,34,16,18,30,16,14,29,16,13,3,1,2,4,1,3,6,1,5,4,0,4,1,0,1,5,2,3,13,5,3,2,133.33,12,28,2
09,Ciudad de MÃ©xico,013,Xochimilco,0276,Ocoxochoca,37,18,19,0,0,0,37,18,19,36,18,18,30,15,15,28,13,15,23,13,10,1,0,1,6,3,3,8,5,3,2,2,0,5,0,5,4,2,2,10,4,2,2,105.56,9,27,1
09,Ciudad de MÃ©xico,013,Xochimilco,0277,Texcalatlaco,32,11,21,1,1,0,31,10,21,29,10,19,24,10,14,22,9,13,22,9,13,5,0,5,2,0,2,4,1,3,2,1,1,0,0,0,2,1,1,8,3,0,3,190.91,10,20,2
09,Ciudad de MÃ©xico,013,Xochimilco,0278,Azizicantitla,95,49,46,4,2,2,91,47,44,91,47,44,82,43,39,80,43,37,75,42,33,0,0,0,9,4,5,8,2,6,2,0,2,5,1,4,8,3,5,27,15,9,6,93.88,15,73,7
09,Ciudad de MÃ©xico,013,Xochimilco,0281,Ahuapixititla,25,9,16,0,0,0,25,9,16,23,9,14,19,8,11,18,8,10,16,6,10,4,1,3,2,0,2,2,0,2,1,0,1,2,2,0,2,1,1,6,3,1,2,177.78,7,16,2
09,Ciudad de MÃ©xico,013,Xochimilco,0282,El Corral,6,2,4,0,0,0,6,2,4,6,2,4,6,2,4,6,2,4,6,2,4,0,0,0,0,0,0,0,0,0,0,0,0,0,0,0,1,0,1,0,4,2,2,200,0,3,3
09,Ciudad de MÃ©xico,013,Xochimilco,0283,Axomulco,47,20,27,0,0,0,47,20,27,47,20,27,40,16,24,39,16,23,34,13,21,1,1,0,6,3,3,6,2,4,1,0,1,5,3,2,7,0,7,11,4,1,3,135,8,37,2
09,Ciudad de MÃ©xico,013,Xochimilco,0284,Oquetzalpa,75,44,31,3,2,1,72,42,30,68,39,29,56,33,23,50,30,20,45,26,19,5,4,1,11,5,6,13,6,7,6,3,3,5,4,1,7,5,2,23,6,5,1,70.45,25,45,5
09,Ciudad de MÃ©xico,013,Xochimilco,0285,Texcalpa,46,23,23,2,1,1,44,22,22,42,21,21,40,20,20,37,20,17,36,20,16,2,1,1,2,1,1,5,1,4,3,0,3,1,0,1,6,3,3,12,5,4,1,100,9,34,3
09,Ciudad de MÃ©xico,013,Xochimilco,0286,Acapa,9,5,4,0,0,0,9,5,4,9,5,4,9,5,4,8,4,4,7,4,3,0,0,0,0,0,0,1,1,0,1,1,0,1,0,1,0,0,0,4,0,0,0,80,1,8,0
09,Ciudad de MÃ©xico,013,Xochimilco,0287,Ototzingo (Acuario),33,16,17,1,0,1,32,16,16,31,16,15,24,13,11,21,12,9,18,10,8,2,0,2,6,3,3,8,4,4,3,1,2,3,2,1,1,1,0,9,4,2,2,106.25,12,19,2
09,Ciudad de MÃ©xico,013,Xochimilco,0289,Zacatongo,45,20,25,2,0,2,43,20,23,41,19,22,37,16,21,34,16,18,29,14,15,3,2,1,3,2,1,5,2,3,3,0,3,5,2,3,4,1,3,15,0,0,0,125,11,34,0
09,Ciudad de MÃ©xico,013,Xochimilco,0290,Ampliacion Tlapanoya Baja,60,29,31,5,2,3,55,27,28,53,25,28,46,21,25,43,19,24,40,18,22,2,2,0,7,4,3,6,4,2,3,2,1,3,1,2,12,4,8,16,3,2,1,106.9,17,40,3
09,Ciudad de MÃ©xico,013,Xochimilco,0291,AmpliaciÃ³n San Bartolo,74,34,40,2,1,1,72,33,39,71,33,38,59,29,30,55,28,27,47,24,23,2,1,1,11,3,8,11,3,8,4,1,3,8,4,4,8,2,6,22,5,2,3,117.65,19,54,1
09,Ciudad de MÃ©xico,013,Xochimilco,0292,AmpliaciÃ³n San MartÃ­n Caballero,21,11,10,0,0,0,21,11,10,20,11,9,18,11,7,17,10,7,15,9,6,1,0,1,2,0,2,3,1,2,1,1,0,2,1,1,2,1,1,5,1,0,1,90.91,4,17,0
09,Ciudad de MÃ©xico,013,Xochimilco,0293,Techachalictic,16,7,9,1,0,1,15,7,8,14,6,8,12,4,8,12,4,8,12,4,8,1,1,0,2,2,0,2,2,0,0,0,0,0,0,0,2,1,1,4,1,0,1,128.57,4,11,1
09,Ciudad de MÃ©xico,013,Xochimilco,0294,Las Cubetas,27,12,15,2,0,2,25,12,13,22,10,12,21,10,11,21,10,11,19,9,10,3,2,1,1,0,1,1,0,1,0,0,0,2,1,1,3,3,0,9,2,1,1,125,6,20,1
09,Ciudad de MÃ©xico,013,Xochimilco,0295,San SebastiÃ¡n,27,14,13,1,1,0,26,13,13,25,13,12,22,12,10,20,11,9,19,10,9,1,0,1,3,1,2,5,2,3,2,1,1,1,1,0,5,2,3,10,1,1,0,92.86,7,19,1
09,Ciudad de MÃ©xico,013,Xochimilco,9998,Localidades de una vivienda,12,4,8,0,0,0,12,4,8,11,4,7,11,4,7,11,4,7,11,4,7,1,0,1,0,0,0,0,0,0,0,0,0,0,0,0,1,0,1,2,1,1,0,200,1,11,0
09,Ciudad de MÃ©xico,013,Xochimilco,9999,Localidades de dos viviendas,53,25,28,1,1,0,52,24,28,51,23,28,41,20,21,35,16,19,34,15,19,2,1,1,9,3,6,14,7,7,6,4,2,1,1,0,4,2,2,12,7,3,4,112,18,30,5
09,Ciudad de MÃ©xico,014,Benito JuÃ¡rez,0001,Benito JuÃ¡rez,434153,232032,202121,9319,4572,4747,424796,227435,197361,417473,223816,193657,393387,211967,181420,382872,206818,176054,372085,201395,170690,11006,5391,5615,20403,10077,10326,24256,11883,12373,10515,5149,5366,10787,5423,5364,33294,16744,16550,123446,87344,52615,34729,87.11,51243,321279,61593
09,Ciudad de MÃ©xico,015,CuauhtÃ©moc,0001,CuauhtÃ©moc,545884,284933,260951,14525,7290,7235,531293,277605,253688,519786,271890,247896,480461,252550,227911,462349,243641,218708,444024,234635,209389,17113,8514,8599,33719,16541,17178,41023,20098,20925,18112,8909,9203,18325,9006,9319,51762,25874,25888,152077,93809,55146,38663,91.58,83469,398058,64291
09,Ciudad de MÃ©xico,016,Miguel Hidalgo,0001,Miguel Hidalgo,414470,219003,195467,11182,5379,5803,397362,210660,186702,388565,206268,182297,359069,191632,167437,346049,185267,160782,332956,178841,154115,13447,6658,6789,24846,12370,12476,29824,14679,15145,13020,6365,6655,13093,6426,6667,36545,18619,17926,115822,71111,41605,29506,89.25,62495,295866,50183
09,Ciudad de MÃ©xico,017,Venustiano Carranza,0001,Venustiano Carranza,443704,233586,210118,12749,6235,6514,430540,227141,203399,420142,221888,198254,382101,203320,178781,365208,195012,170196,347576,186203,161373,15997,7944,8053,32442,15877,16565,39089,19115,19974,16893,8308,8585,17632,8809,8823,45461,22446,23015,117331,78964,45947,33017,89.95,78081,310974,54234
